"","observed","mean.simulated","lowCI","uppCI","sign"
"OTU173",56,39.494,33,46.525,"Generalists"
"OTU236",49,54.808,47,62,"NS"
"OTU1",82,66.674,60,73,"Generalists"
"OTU156",1,13.626,9,19,"Specialists"
"OTU107",45,35.634,29,42,"Generalists"
"OTU561",45,23.118,18,29,"Generalists"
"OTU67",91,41.316,34,49,"Generalists"
"OTU6679",74,57.816,50,65,"Generalists"
"OTU102",81,49.058,41.475,56,"Generalists"
"OTU75",31,30.516,24,37,"NS"
"OTU5",92,70.952,64,77,"Generalists"
"OTU12",67,51.598,44,59,"Generalists"
"OTU7",82,69.36,62,76.525,"Generalists"
"OTU11151",6,3.552,2,6,"NS"
"OTU749",40,14.852,10.475,20,"Generalists"
"OTU2",21,5.024,3,8,"Generalists"
"OTU877",23,8.034,5,12,"Generalists"
"OTU12011",40,6.826,4,10,"Generalists"
"OTU2034",3,2.472,1,4,"NS"
"OTU24",43,30.888,24,38,"Generalists"
"OTU187",45,30.504,24,37,"Generalists"
"OTU205",43,18.324,13.475,24,"Generalists"
"OTU25",78,56.844,49,64,"Generalists"
"OTU2160",2,2.514,1,4,"NS"
"OTU48",44,43.922,37,51,"NS"
"OTU1529",13,5.862,3,9,"Generalists"
"OTU2316",28,8.042,5,12,"Generalists"
"OTU423",41,19.686,14,26,"Generalists"
"OTU526",8,13.976,10,18,"Specialists"
"OTU1509",47,21.346,15,28,"Generalists"
"OTU135",71,54.822,48,62,"Generalists"
"OTU689",36,10.582,7,15,"Generalists"
"OTU50",50,50.442,43.475,57,"NS"
"OTU3018",53,24.106,19,30,"Generalists"
"OTU91",52,24.904,18.475,31,"Generalists"
"OTU742",13,6.748,4,10,"Generalists"
"OTU367",2,1.452,1,2,"NS"
"OTU100",36,8.392,5,12,"Generalists"
"OTU13116",51,8.014,5,12,"Generalists"
"OTU177",41,23.666,18,30,"Generalists"
"OTU7288",19,4.138,2,7,"Generalists"
"OTU225",41,27.806,22,34,"Generalists"
"OTU12774",13,3.188,1,5,"Generalists"
"OTU53",73,40.658,33.475,48.525,"Generalists"
"OTU233",4,3.184,1,5,"NS"
"OTU146",77,33.248,27,40,"Generalists"
"OTU3757",43,38.494,32,45.525,"NS"
"OTU76",53,20.398,15,26,"Generalists"
"OTU12137",3,1.774,1,3,"NS"
"OTU715",55,21.558,16.475,27.525,"Generalists"
"OTU149",44,19.058,14,24,"Generalists"
"OTU30",41,20.224,15,26,"Generalists"
"OTU594",41,15.222,10,21,"Generalists"
"OTU631",49,26.596,20.475,33,"Generalists"
"OTU830",41,13.536,9,18,"Generalists"
"OTU7602",42,12.908,8.475,18,"Generalists"
"OTU3",62,30.954,24.475,38,"Generalists"
"OTU7361",10,3.178,1,5,"Generalists"
"OTU8836",67,20.304,15.475,26,"Generalists"
"OTU293",69,29.764,23,36.525,"Generalists"
"OTU5531",61,13.496,9,18,"Generalists"
"OTU10392",75,33.454,27,40,"Generalists"
"OTU121",44,32.5,26,39,"Generalists"
"OTU809",45,15.978,11,21,"Generalists"
"OTU1020",1,1.412,1,2,"NS"
"OTU7504",30,6.612,4,10,"Generalists"
"OTU2737",1,1.418,1,2,"NS"
"OTU674",42,11.258,7.475,16,"Generalists"
"OTU9163",37,8.706,5,13,"Generalists"
"OTU939",9,6.632,4,10,"NS"
"OTU58",54,37.888,31,45,"Generalists"
"OTU3896",17,4.044,2,7,"Generalists"
"OTU289",56,24.536,18,30,"Generalists"
"OTU214",4,4.786,2,7.52499999999998,"NS"
"OTU137",46,25.224,20,31,"Generalists"
"OTU200",57,28.53,22,35,"Generalists"
"OTU655",43,22.286,16.475,28,"Generalists"
"OTU552",41,31.952,26,39,"Generalists"
"OTU1792",2,2.314,1,4,"NS"
"OTU6002",1,1.412,1,2,"NS"
"OTU10",32,5.43,3,8.52499999999998,"Generalists"
"OTU926",41,11.482,7,16,"Generalists"
"OTU2462",4,3.518,2,6,"NS"
"OTU9487",61,11.502,7,16,"Generalists"
"OTU4672",40,12.838,9,17,"Generalists"
"OTU94",61,27.234,21,34,"Generalists"
"OTU708",40,20.816,15,27,"Generalists"
"OTU532",42,15.084,11,20,"Generalists"
"OTU649",45,13.556,9,18,"Generalists"
"OTU7127",20,4.696,2,7,"Generalists"
"OTU2559",32,6.924,4,11,"Generalists"
"OTU1007",21,12.006,8,17,"Generalists"
"OTU4938",7,2.524,1,4,"Generalists"
"OTU1170",40,11.758,8,16,"Generalists"
"OTU301",44,29.99,24,37,"Generalists"
"OTU679",48,14.19,10,20,"Generalists"
"OTU5848",19,26.784,21,33,"Specialists"
"OTU4421",13,5.546,3,9,"Generalists"
"OTU256",10,6.366,4,9,"Generalists"
"OTU11846",28,6.24,3,10,"Generalists"
"OTU280",46,18.194,13,24,"Generalists"
"OTU2814",14,4.822,3,7,"Generalists"
"OTU123",64,26.914,20.475,33,"Generalists"
"OTU10124",43,8.11,5,12,"Generalists"
"OTU437",10,6.67,4,10,"NS"
"OTU108",34,25.142,19,31,"Generalists"
"OTU5088",37,8.168,5,12,"Generalists"
"OTU5708",3,8.9,5,13,"Specialists"
"OTU263",60,38.768,32,46,"Generalists"
"OTU1252",39,13.86,9,19,"Generalists"
"OTU8314",63,12.104,8,16.525,"Generalists"
"OTU1485",52,13.812,9,19,"Generalists"
"OTU351",13,28.21,22,35,"Specialists"
"OTU3481",4,18.362,13,24,"Specialists"
"OTU1575",6,3.68,2,6,"NS"
"OTU2386",1,1.418,1,2,"NS"
"OTU1524",4,6.78,4,10,"NS"
"OTU6115",32,6.702,4,10,"Generalists"
"OTU40",53,54.462,47,61,"NS"
"OTU2787",5,7.964,5,12,"NS"
"OTU432",4,2.958,1,5,"NS"
"OTU876",49,17.948,13,24,"Generalists"
"OTU10471",2,1.724,1,3,"NS"
"OTU2222",9,2.94,1,5,"Generalists"
"OTU15",26,4.848,3,7,"Generalists"
"OTU673",43,20.95,15,27,"Generalists"
"OTU2017",2,16.196,11,21,"Specialists"
"OTU182",53,31.85,26,39,"Generalists"
"OTU2641",29,7.83,5,11.525,"Generalists"
"OTU8542",22,4.32,2,7,"Generalists"
"OTU2125",1,1.406,1,2,"NS"
"OTU12935",16,5.5,3,8,"Generalists"
"OTU73",41,30.57,24,37,"Generalists"
"OTU1642",49,14.83,10,20,"Generalists"
"OTU2285",32,5.956,3,9,"Generalists"
"OTU6345",22,8.076,5,12,"Generalists"
"OTU636",7,4.298,2,7,"NS"
"OTU6063",2,1.704,1,3,"NS"
"OTU154",1,1.398,1,2,"NS"
"OTU2642",32,6.26,4,9,"Generalists"
"OTU1815",35,17.968,13,23,"Generalists"
"OTU3466",3,7.668,4.475,11,"Specialists"
"OTU2794",46,12.01,8,16,"Generalists"
"OTU3523",17,5.788,3,9,"Generalists"
"OTU929",2,5.198,2.475,8,"Specialists"
"OTU3109",36,8.57,5,12,"Generalists"
"OTU1448",43,18.044,13,24,"Generalists"
"OTU422",9,19.234,14,24,"Specialists"
"OTU287",16,12.396,8,17,"NS"
"OTU2467",5,4.042,2,6,"NS"
"OTU1643",15,17.198,12,22,"NS"
"OTU7766",27,5.958,3,9,"Generalists"
"OTU148",7,41.478,35,49,"Specialists"
"OTU4217",2,2.34,1,4,"NS"
"OTU10931",51,11,7,15,"Generalists"
"OTU13030",10,2.934,1,5,"Generalists"
"OTU5402",3,26.272,20,32,"Specialists"
"OTU1809",12,6.176,4,9,"Generalists"
"OTU14",56,49.852,41.475,57,"NS"
"OTU176",15,3.69,2,6,"Generalists"
"OTU12045",28,5.834,3,9,"Generalists"
"OTU520",47,21.426,16,28,"Generalists"
"OTU9",22,5.15,3,8,"Generalists"
"OTU1291",1,3.318,2,6,"Specialists"
"OTU1383",20,17.398,12,22,"NS"
"OTU143",36,31.266,25,38,"NS"
"OTU7437",5,2.432,1,4,"Generalists"
"OTU120",39,9.99,6,14,"Generalists"
"OTU163",3,1.75,1,3,"NS"
"OTU10521",11,3.072,1,5,"Generalists"
"OTU5716",4,5.02,2.475,8,"NS"
"OTU1284",29,22.852,17,28.525,"Generalists"
"OTU12189",41,7.054,4,11,"Generalists"
"OTU131",15,25.246,20,32,"Specialists"
"OTU476",6,20.618,15,26,"Specialists"
"OTU13013",16,4.02,2,6,"Generalists"
"OTU183",19,21.678,16,28,"NS"
"OTU9703",9,3.016,1.475,5,"Generalists"
"OTU3359",3,1.732,1,3,"NS"
"OTU7264",1,1.75,1,3,"NS"
"OTU7451",2,1.398,1,2,"NS"
"OTU5399",23,4.44,2,7,"Generalists"
"OTU11860",19,4.03,2,6,"Generalists"
"OTU5665",3,4.084,2,7,"NS"
"OTU279",12,40.966,33,49,"Specialists"
"OTU709",20,21.374,16,27,"NS"
"OTU364",1,3.888,2,6,"Specialists"
"OTU11196",4,1.992,1,3,"Generalists"
"OTU186",10,39.502,32,46.525,"Specialists"
"OTU127",16,18.51,13,24,"NS"
"OTU2208",1,31.452,24.475,38,"Specialists"
"OTU5602",7,3.84,2,6,"Generalists"
"OTU13039",57,11.038,7,15,"Generalists"
"OTU10922",21,6.924,4,10,"Generalists"
"OTU229",8,2.968,1,5,"Generalists"
"OTU51",11,3.25,1.475,5,"Generalists"
"OTU12561",32,6.782,4,10,"Generalists"
"OTU22",39,7.404,4,11,"Generalists"
"OTU129",8,2.84,1,5,"Generalists"
"OTU5042",27,5.714,3,9,"Generalists"
"OTU632",1,3.95,2,7,"Specialists"
"OTU663",19,17.292,12,23,"NS"
"OTU508",7,9.748,6,14,"NS"
"OTU401",1,3.914,2,7,"Specialists"
"OTU1084",1,1.44,1,2,"NS"
"OTU6299",7,2.96,1,5,"Generalists"
"OTU7244",1,1.742,1,3,"NS"
"OTU8294",6,2.3,1,4,"Generalists"
"OTU4689",15,3.602,2,6,"Generalists"
"OTU3830",2,3.17,1,5,"NS"
"OTU5723",10,16.592,12,21,"Specialists"
"OTU628",8,2.848,1,5,"Generalists"
"OTU10199",35,6.7,4,10,"Generalists"
"OTU5983",3,1.736,1,3,"NS"
"OTU12148",15,3.662,2,6,"Generalists"
"OTU12842",2,1.744,1,3,"NS"
"OTU1372",7,6.466,4,10,"NS"
"OTU12547",6,2.248,1,4,"Generalists"
"OTU3071",3,1.966,1,3,"NS"
"OTU277",2,2.462,1,4,"NS"
"OTU117",59,45.402,38,53,"Generalists"
"OTU2562",4,5.276,3,8,"NS"
"OTU5026",4,3.762,2,6,"NS"
"OTU3180",5,3.722,2,6,"NS"
"OTU2543",14,3.698,2,6,"Generalists"
"OTU192",3,1.7,1,3,"NS"
"OTU495",2,2.578,1,4,"NS"
"OTU5893",11,3.358,1.475,6,"Generalists"
"OTU7554",34,6.074,3,9,"Generalists"
"OTU1880",1,4.538,2,7,"Specialists"
"OTU10034",5,2.588,1,4,"Generalists"
"OTU4",6,2.486,1,4,"Generalists"
"OTU620",13,11.488,8,16,"NS"
"OTU3856",3,6.504,4,10,"Specialists"
"OTU8080",17,6.088,3,9,"Generalists"
"OTU8895",5,2.884,1,5,"NS"
"OTU6",50,7.554,4,11.525,"Generalists"
"OTU7274",50,13.424,9,19,"Generalists"
"OTU10659",2,1.456,1,2,"NS"
"OTU2554",3,2.374,1,4,"NS"
"OTU1852",2,2.974,1,5,"NS"
"OTU7501",4,2.62,1,4,"NS"
"OTU997",1,4.64,2.475,7,"Specialists"
"OTU4041",1,1.972,1,3,"NS"
"OTU697",7,17.172,12,23,"Specialists"
"OTU1953",4,3.794,2,6,"NS"
"OTU347",2,2.558,1,4,"NS"
"OTU633",6,25.432,19,32,"Specialists"
"OTU4174",4,3.682,2,6,"NS"
"OTU4123",10,4.682,2,7,"Generalists"
"OTU10212",2,1.754,1,3,"NS"
"OTU12362",7,3.008,1,5,"Generalists"
"OTU3580",2,1.676,1,3,"NS"
"OTU607",3,3.806,2,6,"NS"
"OTU2635",6,2.904,1,5,"Generalists"
"OTU2636",5,6.854,4,10,"NS"
"OTU3508",1,5.772,3,9,"Specialists"
"OTU4746",4,2.268,1,4,"NS"
"OTU28",4,1.886,1,3,"Generalists"
"OTU701",2,1.388,1,2,"NS"
"OTU11615",10,4.098,2,7,"Generalists"
"OTU2031",21,7.926,5,11,"Generalists"
"OTU1319",4,20.868,16,26.525,"Specialists"
"OTU3296",8,2.566,1,5,"Generalists"
"OTU5291",17,10.134,6,14,"Generalists"
"OTU2005",8,2.746,1,5,"Generalists"
"OTU7937",1,1.432,1,2,"NS"
"OTU44",9,12.95,9,18,"NS"
"OTU9749",1,4.032,2,6,"Specialists"
"OTU281",18,4.62,2,7,"Generalists"
"OTU4904",3,1.734,1,3,"NS"
"OTU11980",28,5.834,3,9,"Generalists"
"OTU12225",17,6.156,3,9,"Generalists"
"OTU27",25,4.934,3,8,"Generalists"
"OTU16",9,4.828,3,7,"Generalists"
"OTU188",12,3.158,1,5,"Generalists"
"OTU42",26,29.128,23,35,"NS"
"OTU248",42,23.294,18,30.525,"Generalists"
"OTU2782",13,3.732,2,6,"Generalists"
"OTU1612",2,3.57,2,6,"NS"
"OTU1491",9,8.092,5,12,"NS"
"OTU29",33,29.1,23,36,"NS"
"OTU841",23,23.83,18,29,"NS"
"OTU11",2,1.44,1,2,"NS"
"OTU4606",2,1.458,1,2,"NS"
"OTU5998",16,3.588,2,6,"Generalists"
"OTU2422",2,4.616,2,7,"NS"
"OTU8872",7,2.674,1,4,"Generalists"
"OTU2820",1,2.896,1,5,"NS"
"OTU327",5,11.486,7,15,"Specialists"
"OTU638",29,5.512,3,8,"Generalists"
"OTU565",5,2.268,1,4,"Generalists"
"OTU189",2,1.468,1,2,"NS"
"OTU5571",6,2.632,1,4.52499999999998,"Generalists"
"OTU7275",1,2.346,1,4,"NS"
"OTU6812",11,3.342,1,5,"Generalists"
"OTU7561",10,4.948,3,8,"Generalists"
"OTU303",3,1.73,1,3,"NS"
"OTU4005",16,4.69,2,7.52499999999998,"Generalists"
"OTU62",5,2.922,1,5,"NS"
"OTU9896",3,1.75,1,3,"NS"
"OTU4107",14,8.556,5,12,"Generalists"
"OTU12247",8,2.648,1,5,"Generalists"
"OTU6573",2,4.666,2,7,"NS"
"OTU671",7,12.93,9,18,"Specialists"
"OTU5652",9,3.03,1,5,"Generalists"
"OTU12423",23,5.61,3,9,"Generalists"
"OTU1231",5,3.62,2,6,"NS"
"OTU756",2,2.676,1,4,"NS"
"OTU103",21,4.476,2,7,"Generalists"
"OTU6951",2,7.814,5,12,"Specialists"
"OTU55",3,2.588,1,4,"NS"
"OTU97",3,1.788,1,3,"NS"
"OTU7090",12,7.802,5,12,"NS"
"OTU6337",6,2.438,1,4,"Generalists"
"OTU10535",20,7.796,4,11,"Generalists"
"OTU150",5,20.538,15,26,"Specialists"
"OTU208",8,13.384,9,18,"Specialists"
"OTU1033",5,5.752,3,9,"NS"
"OTU171",5,2.338,1,4,"Generalists"
"OTU630",2,1.736,1,3,"NS"
"OTU112",6,6.182,3,9,"NS"
"OTU1990",6,7.148,4,11,"NS"
"OTU128",5,31.13,24,37,"Specialists"
"OTU184",2,1.722,1,3,"NS"
"OTU11211",1,1.728,1,3,"NS"
"OTU4407",5,4.546,2,7,"NS"
"OTU660",2,1.754,1,3,"NS"
"OTU3582",1,3.146,1,5,"NS"
"OTU219",11,25.922,20,33,"Specialists"
"OTU1349",2,2.388,1,4,"NS"
"OTU7878",2,5.55,3,9,"Specialists"
"OTU378",4,13.52,9,18,"Specialists"
"OTU1264",3,9.154,5,13,"Specialists"
"OTU251",22,21.64,16,27,"NS"
"OTU5065",3,2.142,1,4,"NS"
"OTU7348",1,1.438,1,2,"NS"
"OTU2059",1,1.73,1,3,"NS"
"OTU8629",11,3.982,2,6,"Generalists"
"OTU1107",4,3.424,1.475,6,"NS"
"OTU2182",6,19.254,14,25,"Specialists"
"OTU606",1,2.166,1,3.52499999999998,"NS"
"OTU1452",8,6.202,3,9,"NS"
"OTU17",17,50.31,43,58.525,"Specialists"
"OTU169",2,1.442,1,2,"NS"
"OTU152",2,16.196,11,21.525,"Specialists"
"OTU2288",11,3.878,2,6,"Generalists"
"OTU1151",13,13.506,9,18,"NS"
"OTU70",9,2.67,1,4,"Generalists"
"OTU3170",3,1.962,1,3,"NS"
"OTU6797",8,4.082,2,6,"Generalists"
"OTU1149",4,15.426,10,20,"Specialists"
"OTU2781",3,1.99,1,3,"NS"
"OTU2498",5,3.43,2,5,"NS"
"OTU11669",2,1.402,1,2,"NS"
"OTU4109",1,3.146,2,5,"Specialists"
"OTU196",48,35.33,29,43,"Generalists"
"OTU10381",3,1.97,1,3,"NS"
"OTU11998",1,7.828,4.475,12,"Specialists"
"OTU113",4,14.704,10,19,"Specialists"
"OTU253",27,29.944,24,37,"NS"
"OTU2634",1,4.026,2,6,"Specialists"
"OTU199",3,1.716,1,3,"NS"
"OTU69",5,2.702,1,4.52499999999998,"Generalists"
"OTU2520",2,11.98,8,16,"Specialists"
"OTU4803",8,7.984,5,11,"NS"
"OTU7056",19,4.528,2,7,"Generalists"
"OTU481",2,17.144,12,22,"Specialists"
"OTU1416",4,3.574,2,6,"NS"
"OTU3849",4,5.234,3,8,"NS"
"OTU5437",5,2.37,1,4,"Generalists"
"OTU165",2,4.042,2,6,"NS"
"OTU2001",6,10.576,6.475,15,"Specialists"
"OTU558",18,17.928,12,24,"NS"
"OTU4759",6,2.328,1,4,"Generalists"
"OTU511",9,31.226,25,38,"Specialists"
"OTU10836",3,9.224,6,13,"Specialists"
"OTU5477",2,3.132,2,5,"NS"
"OTU212",7,2.87,1,5,"Generalists"
"OTU1916",24,7.99,5,12,"Generalists"
"OTU722",1,10.838,7,15,"Specialists"
"OTU3810",4,2.54,1,4,"NS"
"OTU5952",2,6.642,4,10,"Specialists"
"OTU252",2,1.41,1,2,"NS"
"OTU885",7,4.666,2,8,"NS"
"OTU386",2,1.458,1,2,"NS"
"OTU3639",8,3.89,2,6,"Generalists"
"OTU3574",3,2.574,1,4,"NS"
"OTU2556",3,4.372,2,7,"NS"
"OTU775",7,14.254,10,19,"Specialists"
"OTU12805",4,1.936,1,3,"Generalists"
"OTU610",2,1.472,1,2,"NS"
"OTU161",7,5.604,3,9,"NS"
"OTU2656",2,1.438,1,2,"NS"
"OTU1621",3,2.726,1,5,"NS"
"OTU2524",4,2.016,1,3,"Generalists"
"OTU262",4,2.1,1,4,"NS"
"OTU5475",3,2.42,1,4,"NS"
"OTU1177",3,16.73,11,22,"Specialists"
"OTU1282",8,4.926,2,8,"NS"
"OTU329",7,3.608,2,6,"Generalists"
"OTU354",2,1.42,1,2,"NS"
"OTU1225",2,1.726,1,3,"NS"
"OTU456",1,1.704,1,3,"NS"
"OTU257",7,30.826,25,37,"Specialists"
"OTU1081",3,1.788,1,3,"NS"
"OTU952",2,4.034,2,6,"NS"
"OTU575",4,22.002,16,28,"Specialists"
"OTU1331",5,14.514,10,20,"Specialists"
"OTU1392",2,2.19,1,4,"NS"
"OTU12152",1,1.448,1,2,"NS"
"OTU560",5,22.428,16.475,29,"Specialists"
"OTU777",2,3.17,1,5,"NS"
"OTU1204",8,5.524,3,9,"NS"
"OTU321",5,3.098,1,5,"NS"
"OTU272",5,2.47,1,4,"Generalists"
"OTU4832",12,4.336,2,7,"Generalists"
"OTU11070",16,5.156,3,8,"Generalists"
"OTU969",10,8.192,5,12,"NS"
"OTU1495",5,21.89,16,28,"Specialists"
"OTU2148",4,3.074,1,5,"NS"
"OTU4881",1,2.482,1,4,"NS"
"OTU2134",4,1.93,1,3,"Generalists"
"OTU3291",4,6.216,3,10,"NS"
"OTU8989",4,5.518,3,9,"NS"
"OTU609",16,26.67,21,33,"Specialists"
"OTU1526",3,1.712,1,3,"NS"
"OTU7229",5,2.124,1,4,"Generalists"
"OTU264",32,41.92,35,49,"Specialists"
"OTU3097",5,4.396,2,7,"NS"
"OTU390",10,38.102,31,44.525,"Specialists"
"OTU1245",4,6.17,4,9,"NS"
"OTU11424",3,2.882,1,5,"NS"
"OTU340",3,1.75,1,3,"NS"
"OTU3879",6,5.402,3,9,"NS"
"OTU6858",6,9.04,6,13,"NS"
"OTU3246",6,5.48,3,9,"NS"
"OTU11147",15,5.956,3,9,"Generalists"
"OTU4256",37,34.25,28.475,41,"NS"
"OTU195",12,3.426,2,6,"Generalists"
"OTU203",9,14.008,10,19,"Specialists"
"OTU4534",26,9.452,6,13,"Generalists"
"OTU1108",18,5.178,3,8,"Generalists"
"OTU310",50,28.446,22,35,"Generalists"
"OTU2207",1,11.046,7,16,"Specialists"
"OTU1006",11,16.986,12,22,"Specialists"
"OTU3967",3,2.868,1,5,"NS"
"OTU180",5,2.11,1,4,"Generalists"
"OTU2140",10,4.07,2,7,"Generalists"
"OTU4588",11,4.674,2,7,"Generalists"
"OTU621",1,1.932,1,3,"NS"
"OTU5074",4,3.372,1.475,6,"NS"
"OTU140",6,2.416,1,4,"Generalists"
"OTU707",7,12.76,8,17,"Specialists"
"OTU784",8,4.388,2,7,"Generalists"
"OTU650",3,1.736,1,3,"NS"
"OTU3915",12,3.23,2,5,"Generalists"
"OTU10256",3,1.942,1,3,"NS"
"OTU11691",2,8.692,5,12,"Specialists"
"OTU132",5,2.534,1,4,"Generalists"
"OTU1697",2,3.736,2,6,"NS"
"OTU5826",4,1.972,1,3,"Generalists"
"OTU1027",6,7.648,4.475,11,"NS"
"OTU3674",12,5.234,3,8,"Generalists"
"OTU311",43,32.498,26,39.525,"Generalists"
"OTU2629",3,1.728,1,3,"NS"
"OTU3725",10,4.408,2,7,"Generalists"
"OTU246",8,3.194,1,5,"Generalists"
"OTU1950",14,6.132,3,9,"Generalists"
"OTU285",3,1.732,1,3,"NS"
"OTU3336",4,3.396,2,6,"NS"
"OTU8770",1,1.476,1,2,"NS"
"OTU1378",4,9.26,6,13,"Specialists"
"OTU3562",7,6.636,4,10,"NS"
"OTU218",4,44.12,37.475,51,"Specialists"
"OTU1897",3,6.464,4,10,"Specialists"
"OTU111",4,17.48,12,23,"Specialists"
"OTU1967",1,1.736,1,3,"NS"
"OTU557",18,11.558,7.475,16,"Generalists"
"OTU2958",2,2.778,1,5,"NS"
"OTU7003",1,1.756,1,3,"NS"
"OTU1622",3,2.156,1,4,"NS"
"OTU3826",7,5.084,3,8,"NS"
"OTU1722",20,6.264,3.475,9,"Generalists"
"OTU2047",9,8.048,5,12,"NS"
"OTU2242",2,6.754,4,10,"Specialists"
"OTU6960",4,2.114,1,4,"NS"
"OTU12895",2,1.726,1,3,"NS"
"OTU1423",3,1.712,1,3,"NS"
"OTU696",6,25.2,19,32,"Specialists"
"OTU66",26,52.312,45,60,"Specialists"
"OTU676",16,24.17,18,31,"Specialists"
"OTU730",14,14.198,9.475,19,"NS"
"OTU1666",12,8.682,5,13,"NS"
"OTU441",13,6.146,3,9,"Generalists"
"OTU842",1,1.978,1,3,"NS"
"OTU2163",7,4.32,2,7,"NS"
"OTU2915",3,9.108,5.475,13,"Specialists"
"OTU1607",3,4.214,2,7,"NS"
"OTU1924",2,1.446,1,2,"NS"
"OTU1226",1,31.816,26,38,"Specialists"
"OTU612",17,25.378,20,32,"Specialists"
"OTU349",5,10.262,6,14,"Specialists"
"OTU1679",11,5.336,3,8,"Generalists"
"OTU1148",3,2.006,1,3,"NS"
"OTU9733",1,2.194,1,4,"NS"
"OTU2154",2,8.95,5,13,"Specialists"
"OTU8690",5,2.906,1,5,"NS"
"OTU80",4,18.05,13,23,"Specialists"
"OTU1185",3,1.996,1,3,"NS"
"OTU576",2,1.418,1,2,"NS"
"OTU1182",4,18.73,14,24,"Specialists"
"OTU7273",3,1.958,1,3,"NS"
"OTU2210",1,1.428,1,2,"NS"
"OTU8229",2,2.004,1,4,"NS"
"OTU2149",9,4.848,2.475,7,"Generalists"
"OTU323",1,1.406,1,2,"NS"
"OTU124",4,2.48,1,4,"NS"
"OTU8287",1,2.94,1,5,"NS"
"OTU309",48,30.02,24,37.525,"Generalists"
"OTU4461",4,6.362,3.475,9,"NS"
"OTU4224",2,1.422,1,2,"NS"
"OTU7918",2,2.272,1,4,"NS"
"OTU185",2,22.872,17,29,"Specialists"
"OTU3675",2,1.438,1,2,"NS"
"OTU2133",4,11.252,7,16,"Specialists"
"OTU593",5,28.526,22,35,"Specialists"
"OTU47",9,4.25,2,6.52499999999998,"Generalists"
"OTU10353",7,3.324,1,6,"Generalists"
"OTU343",2,17.206,12,23,"Specialists"
"OTU1597",6,4.438,2,7,"NS"
"OTU1550",3,2.978,1,5,"NS"
"OTU8088",1,1.428,1,2,"NS"
"OTU853",10,8.036,5,12,"NS"
"OTU6458",2,2.58,1,4,"NS"
"OTU86",11,45.056,38,52,"Specialists"
"OTU4105",6,8.286,5,12,"NS"
"OTU7599",2,1.974,1,3,"NS"
"OTU2279",2,4.614,2,7,"NS"
"OTU2846",3,2.27,1,4,"NS"
"OTU11386",2,4.076,2,7,"NS"
"OTU350",1,29.47,23,36,"Specialists"
"OTU155",1,1.45,1,2,"NS"
"OTU77",5,2.71,1,5,"NS"
"OTU9345",2,1.442,1,2,"NS"
"OTU4875",11,4.342,2,7,"Generalists"
"OTU335",5,25.768,19,33,"Specialists"
"OTU2261",1,10.606,7,15,"Specialists"
"OTU2616",14,6.598,4,10,"Generalists"
"OTU12395",2,3.072,1,5,"NS"
"OTU2172",1,11.968,8,16.525,"Specialists"
"OTU948",2,2.3,1,4,"NS"
"OTU8870",20,15.074,10,20,"NS"
"OTU855",3,26.26,20,33,"Specialists"
"OTU3985",1,6.098,3,9,"Specialists"
"OTU958",3,3.592,2,6,"NS"
"OTU151",5,44.626,38,52,"Specialists"
"OTU172",8,50.776,43.475,58,"Specialists"
"OTU3278",1,4.36,2,7,"Specialists"
"OTU12932",3,1.712,1,3,"NS"
"OTU1549",3,9.502,6,14,"Specialists"
"OTU770",9,10.394,7,15,"NS"
"OTU8659",3,1.758,1,3,"NS"
"OTU11585",3,22.916,17,29,"Specialists"
"OTU12937",1,1.47,1,2,"NS"
"OTU5622",4,5.568,3,8.52499999999998,"NS"
"OTU1186",11,19.834,14.475,26,"Specialists"
"OTU2839",1,2.15,1,4,"NS"
"OTU7868",12,5.154,3,8,"Generalists"
"OTU2604",16,5.264,3,8,"Generalists"
"OTU1247",2,2.37,1,4,"NS"
"OTU2772",11,5.96,3,9,"Generalists"
"OTU3256",11,5.874,3,9,"Generalists"
"OTU2155",18,6.668,4,10,"Generalists"
"OTU6490",4,2.32,1,4,"NS"
"OTU5472",2,2.87,1,5,"NS"
"OTU6262",5,2.178,1,4,"Generalists"
"OTU2082",1,2.38,1,4,"NS"
"OTU13010",3,1.698,1,3,"NS"
"OTU425",2,2.296,1,4,"NS"
"OTU11931",6,2.668,1,4,"Generalists"
"OTU10670",4,2.35,1,4,"NS"
"OTU960",3,1.74,1,3,"NS"
"OTU735",27,17.984,13,23,"Generalists"
"OTU95",3,2.31,1,4,"NS"
"OTU333",5,10.312,6.475,15,"Specialists"
"OTU4364",4,3.122,1,5,"NS"
"OTU1278",5,7.94,5,12,"NS"
"OTU144",2,16.084,11.475,22,"Specialists"
"OTU2233",7,6.74,4,10,"NS"
"OTU1032",3,5.422,3,8,"NS"
"OTU2857",5,2.132,1,4,"Generalists"
"OTU11610",11,5.634,3,9,"Generalists"
"OTU3802",15,6.348,3,10,"Generalists"
"OTU1838",6,12.064,8,17,"Specialists"
"OTU4430",2,1.42,1,2,"NS"
"OTU683",1,1.462,1,2,"NS"
"OTU1819",1,25.688,20,32,"Specialists"
"OTU415",2,4.218,2,7,"NS"
"OTU1941",4,4.676,2,7,"NS"
"OTU902",8,3.706,2,6,"Generalists"
"OTU4964",3,3.244,2,5.52499999999998,"NS"
"OTU4634",3,2.348,1,4,"NS"
"OTU4834",4,2.114,1,3,"Generalists"
"OTU8150",2,1.414,1,2,"NS"
"OTU7255",2,1.738,1,3,"NS"
"OTU1238",22,7.534,4.475,11,"Generalists"
"OTU1888",1,1.804,1,3,"NS"
"OTU1352",3,3.006,1,5,"NS"
"OTU1429",6,3.674,2,6,"NS"
"OTU4249",1,1.458,1,2,"NS"
"OTU6762",2,1.43,1,2,"NS"
"OTU788",4,22.288,17,28,"Specialists"
"OTU11941",1,1.426,1,2,"NS"
"OTU2000",6,4.914,3,8,"NS"
"OTU1334",36,8.602,5,13,"Generalists"
"OTU11251",2,1.714,1,3,"NS"
"OTU3468",7,9.33,6,13.525,"NS"
"OTU359",5,12.652,9,18,"Specialists"
"OTU6557",1,2.936,1,5,"NS"
"OTU2339",1,11.618,8,16,"Specialists"
"OTU7706",2,1.414,1,2,"NS"
"OTU1163",1,24.152,18,30,"Specialists"
"OTU3721",2,1.412,1,2,"NS"
"OTU5604",3,4.142,2,7,"NS"
"OTU1492",14,8.898,6,13,"Generalists"
"OTU6313",1,1.412,1,2,"NS"
"OTU2046",8,4.798,2,8,"NS"
"OTU1010",2,1.772,1,3,"NS"
"OTU7979",2,1.418,1,2,"NS"
"OTU2442",1,1.446,1,2,"NS"
"OTU2852",3,2.16,1,4,"NS"
"OTU910",22,10.448,6,15,"Generalists"
"OTU2902",2,3.368,1,6,"NS"
"OTU7590",2,1.768,1,3,"NS"
"OTU6049",2,1.78,1,3,"NS"
"OTU1437",8,5.126,3,8,"NS"
"OTU2578",5,3.578,2,6,"NS"
"OTU12705",1,1.762,1,3,"NS"
"OTU6154",2,2.428,1,4,"NS"
"OTU3022",7,15.952,11,21,"Specialists"
"OTU4848",1,5.066,2.475,8,"Specialists"
"OTU104",10,33.616,26,40,"Specialists"
"OTU5321",4,2.484,1,4,"NS"
"OTU6881",6,2.834,1,5,"Generalists"
"OTU8263",5,6.236,4,9,"NS"
"OTU2553",7,9.378,5.475,13,"NS"
"OTU8166",1,1.76,1,3,"NS"
"OTU10587",1,1.458,1,2,"NS"
"OTU353",2,37.282,31,45,"Specialists"
"OTU4291",4,2.32,1,4,"NS"
"OTU2836",1,3.168,1,5,"NS"
"OTU4859",1,6.242,3,9,"Specialists"
"OTU337",13,34.754,28,42,"Specialists"
"OTU2340",11,6.1,3,9,"Generalists"
"OTU7643",12,7.098,4,11,"Generalists"
"OTU6483",1,5.012,3,8,"Specialists"
"OTU667",1,1.46,1,2,"NS"
"OTU92",8,3.632,2,6,"Generalists"
"OTU1705",1,5.74,3,9,"Specialists"
"OTU654",2,1.416,1,2,"NS"
"OTU7735",2,2.634,1,4,"NS"
"OTU529",4,2.47,1,4,"NS"
"OTU7082",2,1.428,1,2,"NS"
"OTU2609",17,14.604,10,19,"NS"
"OTU2464",2,4.394,2,7,"NS"
"OTU3819",1,4.868,2.475,8,"Specialists"
"OTU10231",2,11.154,7,15,"Specialists"
"OTU297",1,1.72,1,3,"NS"
"OTU8378",2,1.452,1,2,"NS"
"OTU4652",4,3.22,1,5,"NS"
"OTU585",3,18.53,14,24,"Specialists"
"OTU4187",5,4.256,2,7,"NS"
"OTU2006",2,10.438,7,14.525,"Specialists"
"OTU5923",3,1.736,1,3,"NS"
"OTU126",2,2.002,1,3,"NS"
"OTU379",4,6.444,3,10,"NS"
"OTU4710",2,1.948,1,3,"NS"
"OTU400",2,1.464,1,2,"NS"
"OTU587",10,7.068,4,10.525,"NS"
"OTU1019",3,2.66,1,4,"NS"
"OTU4682",2,22.678,17,28.525,"Specialists"
"OTU1730",2,7.308,4,11,"Specialists"
"OTU3676",2,2.828,1,5,"NS"
"OTU119",12,3.99,2,6,"Generalists"
"OTU6799",1,3.116,1,5,"NS"
"OTU3554",19,5.606,3,9,"Generalists"
"OTU7651",3,1.742,1,3,"NS"
"OTU2178",3,3.35,2,5,"NS"
"OTU6775",1,1.946,1,3,"NS"
"OTU1327",3,3,1,5,"NS"
"OTU8142",1,2.278,1,4,"NS"
"OTU12490",3,3,1,5,"NS"
"OTU6429",2,1.44,1,2,"NS"
"OTU435",2,1.938,1,3,"NS"
"OTU6495",2,1.464,1,2,"NS"
"OTU6791",2,2.12,1,4,"NS"
"OTU238",1,1.406,1,2,"NS"
"OTU959",4,3.444,1,6,"NS"
"OTU6295",1,2.302,1,4,"NS"
"OTU1868",2,1.938,1,3,"NS"
"OTU3345",3,2.158,1,4,"NS"
"OTU1563",8,15.318,11,21,"Specialists"
"OTU3510",2,1.414,1,2,"NS"
"OTU7137",5,2.728,1,5,"NS"
"OTU295",40,18.91,13,25,"Generalists"
"OTU739",1,1.416,1,2,"NS"
"OTU3905",1,1.792,1,3,"NS"
"OTU779",3,5.116,3,8,"NS"
"OTU3355",2,1.982,1,3,"NS"
"OTU3361",3,1.98,1,3,"NS"
"OTU2773",7,3.82,2,6,"Generalists"
"OTU10785",1,1.97,1,3,"NS"
"OTU4668",4,4.58,2,7,"NS"
"OTU1075",1,2.192,1,4,"NS"
"OTU6809",2,2.95,1,5,"NS"
"OTU4086",5,3.384,1.475,6,"NS"
"OTU3332",1,2.122,1,4,"NS"
"OTU7038",3,1.76,1,3,"NS"
"OTU12059",1,1.394,1,2,"NS"
"OTU908",1,7.788,4,11,"Specialists"
"OTU9414",3,2.44,1,4,"NS"
"OTU1503",6,5.096,3,8,"NS"
"OTU268",4,1.92,1,3,"Generalists"
"OTU646",1,1.436,1,2,"NS"
"OTU1205",2,2.304,1,4,"NS"
"OTU2721",5,8.39,5,12,"NS"
"OTU3823",7,8.25,5,12,"NS"
"OTU795",41,12.634,9,17,"Generalists"
"OTU1387",2,1.784,1,3,"NS"
"OTU6131",25,6.588,4,10,"Generalists"
"OTU1779",13,6.036,3,9,"Generalists"
"OTU624",10,4.412,2,7,"Generalists"
"OTU9701",3,2.544,1,4,"NS"
"OTU507",3,1.71,1,3,"NS"
"OTU5953",1,1.452,1,2,"NS"
"OTU3872",1,1.448,1,2,"NS"
"OTU466",1,4.418,2,7,"Specialists"
"OTU1610",8,4.166,2,6.52499999999998,"Generalists"
"OTU5491",2,3.76,2,6,"NS"
"OTU304",9,10.84,7,15,"NS"
"OTU2020",2,2.294,1,4,"NS"
"OTU884",7,4.272,2,7,"NS"
"OTU5376",2,1.422,1,2,"NS"
"OTU1962",2,10.19,6.475,14,"Specialists"
"OTU1964",15,9.748,6,14,"Generalists"
"OTU2461",3,3.56,2,6,"NS"
"OTU2847",6,4.444,2,7,"NS"
"OTU3461",9,5.648,3,9,"NS"
"OTU3811",3,2.172,1,4,"NS"
"OTU9168",2,1.442,1,2,"NS"
"OTU9286",3,2.09,1,4,"NS"
"OTU436",13,5.228,3,8,"Generalists"
"OTU2755",3,2.866,1,5,"NS"
"OTU6462",2,1.7,1,3,"NS"
"OTU2549",14,7.718,4,11.525,"Generalists"
"OTU4150",2,1.41,1,2,"NS"
"OTU3565",1,1.7,1,3,"NS"
"OTU1447",4,10.616,7,15,"Specialists"
"OTU8137",1,18.416,14,24,"Specialists"
"OTU5999",12,8.47,5,12,"NS"
"OTU4529",11,7.78,5,11,"NS"
"OTU6084",6,5.232,3,8,"NS"
"OTU3812",3,2.304,1,4,"NS"
"OTU3808",1,1.666,1,3,"NS"
"OTU5060",1,2.998,1,5,"NS"
"OTU513",18,8.208,5,12,"Generalists"
"OTU9493",2,1.43,1,2,"NS"
"OTU338",8,3.538,2,6,"Generalists"
"OTU1459",3,2.89,1,5,"NS"
"OTU11813",3,3.508,2,6,"NS"
"OTU2019",2,3.576,2,6,"NS"
"OTU8171",7,3.324,1,5,"Generalists"
"OTU7946",5,3.018,1,5,"NS"
"OTU954",5,30.212,24,37,"Specialists"
"OTU12763",2,7.522,4,11,"Specialists"
"OTU1272",1,6.954,4,10,"Specialists"
"OTU9038",2,1.98,1,3,"NS"
"OTU892",12,13.104,8.475,18,"NS"
"OTU7786",10,8.84,6,12.525,"NS"
"OTU1931",7,13.944,10,19,"Specialists"
"OTU3313",3,6.228,3,9,"NS"
"OTU3584",1,7.046,4,10,"Specialists"
"OTU800",11,8.34,5,12,"NS"
"OTU10896",7,6.062,4,9,"NS"
"OTU10465",2,1.418,1,2,"NS"
"OTU5106",7,3.884,2,6,"Generalists"
"OTU1044",9,8.26,5,12,"NS"
"OTU1520",10,12.588,8,17,"NS"
"OTU2158",5,7.798,5,11,"NS"
"OTU601",10,8.7,5,12.525,"NS"
"OTU693",11,9.72,6,14,"NS"
"OTU1089",3,3.32,1,5,"NS"
"OTU4047",2,2.418,1,4,"NS"
"OTU3634",4,2.15,1,4,"NS"
"OTU5773",3,1.746,1,3,"NS"
"OTU2504",4,2.422,1,4,"NS"
"OTU216",4,3.808,2,6,"NS"
"OTU2280",9,7.74,5,11,"NS"
"OTU5249",6,4.488,2,7,"NS"
"OTU6649",10,6.426,4,10,"NS"
"OTU2440",1,2.454,1,4,"NS"
"OTU11676",1,1.452,1,2,"NS"
"OTU9390",1,1.714,1,3,"NS"
"OTU3139",2,1.726,1,3,"NS"
"OTU10121",1,1.388,1,2,"NS"
"OTU861",2,1.408,1,2,"NS"
"OTU5595",1,1.682,1,3,"NS"
"OTU651",6,12.158,8,17,"Specialists"
"OTU716",8,4.778,2,7,"Generalists"
"OTU162",3,2.894,1,5,"NS"
"OTU11985",3,2.296,1,4,"NS"
"OTU159",4,3.06,1,5,"NS"
"OTU2785",5,7.57,5,11,"NS"
"OTU5313",2,1.428,1,2,"NS"
"OTU4231",5,5.412,3,8,"NS"
"OTU11682",2,1.93,1,3,"NS"
"OTU11952",1,1.426,1,2,"NS"
"OTU6156",5,2.784,1,5,"NS"
"OTU13033",2,2.294,1,4,"NS"
"OTU5989",1,1.472,1,2,"NS"
"OTU4836",4,2.11,1,4,"NS"
"OTU345",31,20.4,15,26,"Generalists"
"OTU2004",2,1.438,1,2,"NS"
"OTU4361",2,1.394,1,2,"NS"
"OTU11482",14,4.662,2,7,"Generalists"
"OTU949",16,19.722,14,25,"NS"
"OTU6207",1,4.52,2,7,"Specialists"
"OTU2541",4,10.568,7,15,"Specialists"
"OTU1414",9,9.35,6,13,"NS"
"OTU1717",9,4.778,2.475,7.52499999999998,"Generalists"
"OTU1851",3,3.77,2,6,"NS"
"OTU1898",14,14.598,10,19,"NS"
"OTU375",8,7.6,4.475,11,"NS"
"OTU3293",10,6.18,3,9,"Generalists"
"OTU1997",23,14.072,10,19,"Generalists"
"OTU1263",7,16.642,12,22,"Specialists"
"OTU3360",7,3.908,2,6,"Generalists"
"OTU1361",1,1.402,1,2,"NS"
"OTU1005",22,7.6,4,11,"Generalists"
"OTU1388",29,10.952,7,16,"Generalists"
"OTU7066",6,3.984,2,6,"NS"
"OTU909",2,1.448,1,2,"NS"
"OTU536",3,2.366,1,4,"NS"
"OTU2989",6,5.138,3,8,"NS"
"OTU2486",8,5.998,3,9,"NS"
"OTU534",6,3.64,2,6,"NS"
"OTU5671",2,2.698,1,5,"NS"
"OTU1308",6,15.626,11,21,"Specialists"
"OTU914",7,7.528,5,11,"NS"
"OTU4116",7,4.352,2,7,"NS"
"OTU2912",11,5.77,3,9,"Generalists"
"OTU961",4,1.966,1,3,"Generalists"
"OTU5059",2,1.97,1,3,"NS"
"OTU4164",8,4.214,2,6.52499999999998,"Generalists"
"OTU5655",6,4.006,2,7,"NS"
"OTU7869",2,1.746,1,3,"NS"
"OTU1937",18,4.848,2.475,8,"Generalists"
"OTU3114",11,5.172,3,8,"Generalists"
"OTU2048",3,5.854,3,9,"NS"
"OTU5416",8,10.36,7,15,"NS"
"OTU533",2,12.742,9,17,"Specialists"
"OTU545",10,15.616,11,21,"Specialists"
"OTU503",6,10.592,7,15,"Specialists"
"OTU427",14,17.192,13,22.525,"NS"
"OTU3664",2,5.212,3,8,"Specialists"
"OTU3227",1,3.318,1,5,"NS"
"OTU1455",2,2.766,1,4,"NS"
"OTU2806",4,5.068,3,8,"NS"
"OTU3444",3,3.96,2,6,"NS"
"OTU6534",5,2.866,1,5,"NS"
"OTU232",1,1.446,1,2,"NS"
"OTU12388",3,1.976,1,3,"NS"
"OTU3973",2,4.824,2,7,"NS"
"OTU6541",5,2.46,1,4,"Generalists"
"OTU2359",2,2.688,1,5,"NS"
"OTU3160",6,4.944,2.475,8,"NS"
"OTU6082",1,1.962,1,3,"NS"
"OTU8222",6,3.84,2,6,"NS"
"OTU544",1,1.432,1,2,"NS"
"OTU4576",6,7.618,4.475,11,"NS"
"OTU9284",2,1.39,1,2,"NS"
"OTU12146",2,1.442,1,2,"NS"
"OTU7023",3,2.092,1,3,"NS"
"OTU2555",1,3.198,1,5,"NS"
"OTU2917",2,1.434,1,2,"NS"
"OTU2128",13,10.418,7,14.525,"NS"
"OTU599",6,2.878,1,5,"Generalists"
"OTU2511",19,8.54,5,12.525,"Generalists"
"OTU4077",14,6.594,3,10,"Generalists"
"OTU1541",2,16.852,12,22,"Specialists"
"OTU1594",11,15.284,10,20.525,"NS"
"OTU3272",2,4.36,2,7,"NS"
"OTU2032",4,9.414,6,13.525,"Specialists"
"OTU1988",7,10.28,7,14,"NS"
"OTU6054",5,4.698,2,7,"NS"
"OTU1694",2,1.45,1,2,"NS"
"OTU5265",2,3.608,2,6,"NS"
"OTU3131",3,5.646,3,8.52499999999998,"NS"
"OTU1986",2,9.948,6,14,"Specialists"
"OTU371",6,3.232,1,5,"Generalists"
"OTU4023",5,2.488,1,4,"Generalists"
"OTU5320",5,2.298,1,4,"Generalists"
"OTU644",1,2.304,1,4,"NS"
"OTU12781",2,1.708,1,3,"NS"
"OTU7673",1,1.742,1,3,"NS"
"OTU3470",6,5.702,3,9,"NS"
"OTU4415",1,1.422,1,2,"NS"
"OTU1899",5,3.212,2,5,"NS"
"OTU3738",2,1.464,1,2,"NS"
"OTU2566",1,2.168,1,4,"NS"
"OTU8159",6,2.986,1,5,"Generalists"
"OTU2043",4,8.762,5,13,"Specialists"
"OTU12776",1,1.73,1,3,"NS"
"OTU652",4,2.322,1,4,"NS"
"OTU3304",5,4.156,2,6,"NS"
"OTU3226",3,1.996,1,3.52499999999998,"NS"
"OTU6139",3,2.356,1,4,"NS"
"OTU1775",3,7.352,4,11,"Specialists"
"OTU10355",3,1.744,1,3,"NS"
"OTU1806",1,1.748,1,3,"NS"
"OTU2988",11,7.82,4,12,"NS"
"OTU1330",3,10.566,7,15,"Specialists"
"OTU5821",2,2.312,1,4,"NS"
"OTU1600",5,3.374,2,6,"NS"
"OTU6610",7,2.638,1,4,"Generalists"
"OTU1326",1,16.888,12,22,"Specialists"
"OTU6150",11,11.364,7,16,"NS"
"OTU8565",2,1.774,1,3,"NS"
"OTU1535",7,6.368,3,9,"NS"
"OTU1397",1,1.43,1,2,"NS"
"OTU5648",4,3.808,2,6,"NS"
"OTU306",2,1.426,1,2,"NS"
"OTU224",6,22.356,17,28,"Specialists"
"OTU7981",3,1.986,1,3,"NS"
"OTU3630",2,1.394,1,2,"NS"
"OTU5211",2,2.744,1,5,"NS"
"OTU3517",3,2.154,1,4,"NS"
"OTU90",1,11.596,7,16,"Specialists"
"OTU6181",2,2.356,1,4,"NS"
"OTU9015",2,1.392,1,2,"NS"
"OTU951",1,1.736,1,3,"NS"
"OTU9242",5,3.158,1,5,"NS"
"OTU810",2,28.732,22,35,"Specialists"
"OTU858",1,2.814,1,5,"NS"
"OTU3179",1,7.182,4,10,"Specialists"
"OTU1833",3,8.288,5,12,"Specialists"
"OTU2719",4,8.258,5,12,"Specialists"
"OTU6309",1,2.312,1,4,"NS"
"OTU9943",1,1.754,1,3,"NS"
"OTU501",7,5.064,3,8,"NS"
"OTU11145",1,1.736,1,3,"NS"
"OTU12387",2,1.72,1,3,"NS"
"OTU6443",5,2.948,1,5,"NS"
"OTU3513",9,3.194,1,6,"Generalists"
"OTU202",1,1.942,1,3,"NS"
"OTU752",2,1.468,1,2,"NS"
"OTU1299",2,1.706,1,3,"NS"
"OTU1873",4,2.242,1,4,"NS"
"OTU7999",3,1.752,1,3,"NS"
"OTU814",2,10.038,6,14,"Specialists"
"OTU12396",2,1.688,1,3,"NS"
"OTU302",5,2.788,1,5,"NS"
"OTU4989",1,2.828,1,5,"NS"
"OTU241",5,2.708,1,4.52499999999998,"Generalists"
"OTU5639",2,2.294,1,4,"NS"
"OTU8008",1,2.522,1,4,"NS"
"OTU5766",5,2.662,1,5,"NS"
"OTU5253",4,4.142,2,7,"NS"
"OTU3857",3,3.196,1,5,"NS"
"OTU7846",2,3.196,1,5,"NS"
"OTU312",6,25.436,19,32,"Specialists"
"OTU7330",3,2.268,1,4,"NS"
"OTU917",6,6.436,4,10,"NS"
"OTU9405",1,1.436,1,2,"NS"
"OTU7675",4,3.562,2,6,"NS"
"OTU822",2,1.464,1,2,"NS"
"OTU5101",5,2.646,1,4,"Generalists"
"OTU7641",2,1.974,1,3,"NS"
"OTU750",2,2.68,1,5,"NS"
"OTU515",16,17.138,12,22,"NS"
"OTU7037",1,2.572,1,5,"NS"
"OTU3936",1,1.436,1,2,"NS"
"OTU2200",9,4.196,2,6.52499999999998,"Generalists"
"OTU12170",2,1.776,1,3,"NS"
"OTU430",24,25.782,20,32,"NS"
"OTU3079",3,13.678,9.475,18,"Specialists"
"OTU4918",6,3.39,2,6,"NS"
"OTU5315",1,4.19,2,7,"Specialists"
"OTU3351",1,7.268,4,11,"Specialists"
"OTU9321",4,3.384,2,5.52499999999998,"NS"
"OTU12564",1,1.398,1,2,"NS"
"OTU934",7,3.688,2,6,"Generalists"
"OTU1919",4,6.104,3,9,"NS"
"OTU9412",1,2.21,1,4,"NS"
"OTU4798",1,2.28,1,4,"NS"
"OTU6718",3,3.326,1.475,6,"NS"
"OTU5864",1,1.422,1,2,"NS"
"OTU5417",2,1.72,1,3,"NS"
"OTU10483",3,2.16,1,4,"NS"
"OTU2703",2,13.926,9.475,19,"Specialists"
"OTU2709",16,9.382,6,13,"Generalists"
"OTU12052",5,2.278,1,4,"Generalists"
"OTU3972",1,1.716,1,3,"NS"
"OTU1507",1,14.746,10,19,"Specialists"
"OTU2352",2,2.776,1,5,"NS"
"OTU5856",3,3.108,1,5,"NS"
"OTU5243",1,2.374,1,4,"NS"
"OTU859",1,1.746,1,3,"NS"
"OTU1996",10,5.882,3,9,"Generalists"
"OTU2214",2,4.12,2,7,"NS"
"OTU1514",1,1.414,1,2,"NS"
"OTU10818",1,1.398,1,2,"NS"
"OTU6493",1,1.406,1,2,"NS"
"OTU110",6,4.116,2,7,"NS"
"OTU3742",3,4.044,2,6.52499999999998,"NS"
"OTU1548",5,18.078,13,24,"Specialists"
"OTU405",3,2.314,1,4,"NS"
"OTU11381",3,5.302,3,8,"NS"
"OTU11723",1,4.176,2,7,"Specialists"
"OTU7214",19,15.71,11,21,"NS"
"OTU7430",1,1.482,1,2,"NS"
"OTU2451",11,10.4,7,15,"NS"
"OTU1810",2,2.286,1,4,"NS"
"OTU1677",17,8.914,5,13,"Generalists"
"OTU2061",2,1.784,1,3,"NS"
"OTU1408",4,12.488,8,17,"Specialists"
"OTU6165",4,3.582,2,6,"NS"
"OTU7860",1,2.68,1,4,"NS"
"OTU4977",3,2.714,1,5,"NS"
"OTU8935",1,1.908,1,3,"NS"
"OTU829",10,3.214,2,5,"Generalists"
"OTU5496",4,2.09,1,4,"NS"
"OTU1814",6,17.734,13,23,"Specialists"
"OTU2866",8,3.88,2,6,"Generalists"
"OTU3009",11,4.984,3,8,"Generalists"
"OTU3454",1,2.142,1,4,"NS"
"OTU5968",3,1.962,1,3,"NS"
"OTU12115",1,1.434,1,2,"NS"
"OTU11325",1,1.726,1,3,"NS"
"OTU11368",3,1.91,1,3,"NS"
"OTU3572",3,2.974,1,5,"NS"
"OTU9903",2,1.742,1,3,"NS"
"OTU3253",4,2.168,1,4,"NS"
"OTU11584",2,5.048,3,8,"Specialists"
"OTU2437",6,3.184,2,5,"Generalists"
"OTU9743",3,13.184,8,18,"Specialists"
"OTU11577",2,1.408,1,2,"NS"
"OTU4308",4,8.086,5,12,"Specialists"
"OTU4512",6,2.58,1,4.52499999999998,"Generalists"
"OTU8858",8,4.062,2,6.52499999999998,"Generalists"
"OTU11948",3,7.058,4,11,"Specialists"
"OTU10987",4,2.21,1,4,"NS"
"OTU5000",3,1.732,1,3,"NS"
"OTU9854",2,1.41,1,2,"NS"
"OTU950",6,20.802,16,26,"Specialists"
"OTU8406",1,1.434,1,2,"NS"
"OTU1742",4,3.176,2,5,"NS"
"OTU136",2,2.006,1,3,"NS"
"OTU12378",1,2.006,1,3,"NS"
"OTU10538",2,1.932,1,3,"NS"
"OTU6788",1,2.916,1,5,"NS"
"OTU4127",2,1.722,1,3,"NS"
"OTU4678",5,3.74,2,6,"NS"
"OTU9679",2,1.426,1,2,"NS"
"OTU9967",3,2.996,1,5,"NS"
"OTU1179",2,1.656,1,3,"NS"
"OTU13074",2,2.14,1,4,"NS"
"OTU12982",3,5.39,3,8,"NS"
"OTU3010",6,5.532,3,9,"NS"
"OTU857",1,2.426,1,4,"NS"
"OTU9899",2,3.832,2,6,"NS"
"OTU2747",1,1.398,1,2,"NS"
"OTU3769",2,2.672,1,4,"NS"
"OTU4567",7,3.97,2,7,"NS"
"OTU1664",6,22.626,17,28,"Specialists"
"OTU1525",10,15.43,10,21,"NS"
"OTU4970",2,1.43,1,2,"NS"
"OTU1883",13,12.252,8,17,"NS"
"OTU2337",1,2.324,1,4,"NS"
"OTU818",2,3.942,2,6,"NS"
"OTU3412",5,2.296,1,4,"Generalists"
"OTU82",1,2.144,1,4,"NS"
"OTU2803",2,8.564,5,12,"Specialists"
"OTU8160",1,1.392,1,2,"NS"
"OTU4744",7,11.67,7,16.525,"NS"
"OTU5829",1,2.242,1,4,"NS"
"OTU6598",1,18.988,14,25,"Specialists"
"OTU13072",1,1.432,1,2,"NS"
"OTU8407",2,1.976,1,3,"NS"
"OTU1490",4,15.804,11,21,"Specialists"
"OTU13028",2,1.43,1,2,"NS"
"OTU2938",3,1.99,1,3,"NS"
"OTU6822",2,1.442,1,2,"NS"
"OTU889",1,11.3,7,16,"Specialists"
"OTU5307",2,1.73,1,3,"NS"
"OTU10845",3,2.802,1,5,"NS"
"OTU7350",9,6.392,4,9,"NS"
"OTU718",3,8.256,5,12,"Specialists"
"OTU5425",1,4.29,2,7,"Specialists"
"OTU9905",8,6.202,3,9,"NS"
"OTU6979",1,2.6,1,4,"NS"
"OTU7880",3,2.452,1,4,"NS"
"OTU4703",1,1.452,1,2,"NS"
"OTU348",38,25.092,20,32,"Generalists"
"OTU5549",1,1.738,1,3,"NS"
"OTU164",10,15.908,11,21,"Specialists"
"OTU49",1,1.464,1,2,"NS"
"OTU12791",2,3.526,2,6,"NS"
"OTU895",3,12.806,9,17.525,"Specialists"
"OTU1857",2,1.728,1,3,"NS"
"OTU10852",2,14.028,9,19,"Specialists"
"OTU8377",2,2.298,1,4,"NS"
"OTU1333",4,4.474,2,7,"NS"
"OTU915",1,1.7,1,3,"NS"
"OTU611",5,4.238,2,7,"NS"
"OTU546",2,15.252,10.475,20.525,"Specialists"
"OTU6281",2,3,1,5,"NS"
"OTU2248",2,2.496,1,4,"NS"
"OTU1173",5,11.622,8,15,"Specialists"
"OTU2269",2,1.436,1,2,"NS"
"OTU5328",5,8.778,5,13,"NS"
"OTU3008",1,1.742,1,3,"NS"
"OTU2493",2,6.562,3,10,"Specialists"
"OTU7568",9,3.412,2,6,"Generalists"
"OTU6342",1,2.298,1,4,"NS"
"OTU2727",2,2.306,1,4,"NS"
"OTU9919",2,1.398,1,2,"NS"
"OTU6016",1,1.442,1,2,"NS"
"OTU5547",2,4.102,2,6,"NS"
"OTU3285",11,4.246,2,7,"Generalists"
"OTU487",1,2.604,1,4,"NS"
"OTU3167",3,7.836,5,11,"Specialists"
"OTU10834",3,3.924,2,6,"NS"
"OTU5811",1,1.436,1,2,"NS"
"OTU9280",2,1.988,1,3,"NS"
"OTU4540",6,3.902,2,6,"NS"
"OTU5597",3,3.436,2,6,"NS"
"OTU2406",4,2.012,1,3,"Generalists"
"OTU334",3,2.286,1,4,"NS"
"OTU12200",3,2.236,1,4,"NS"
"OTU5661",4,2.812,1,5,"NS"
"OTU3970",2,1.43,1,2,"NS"
"OTU336",2,10.846,7,15,"Specialists"
"OTU2345",8,3.544,2,6,"Generalists"
"OTU4236",4,2.79,1,5,"NS"
"OTU5018",2,1.728,1,3,"NS"
"OTU33",1,2.792,1,5,"NS"
"OTU1359",4,22.962,17,29,"Specialists"
"OTU5480",1,6.216,3,10,"Specialists"
"OTU1265",15,22.51,17,28,"Specialists"
"OTU10350",12,9.076,5.475,13,"NS"
"OTU3848",1,3.354,2,5,"Specialists"
"OTU5934",3,2.966,1,5,"NS"
"OTU4345",3,3,1,5,"NS"
"OTU2754",5,4.586,2,7,"NS"
"OTU5548",2,8.248,5,12,"Specialists"
"OTU577",1,1.734,1,3,"NS"
"OTU8844",3,1.712,1,3,"NS"
"OTU1063",6,9.944,6,14,"NS"
"OTU4619",3,3.27,1,5,"NS"
"OTU8694",1,1.462,1,2,"NS"
"OTU4317",9,5.984,3,9,"NS"
"OTU4156",15,7.4,4.475,11,"Generalists"
"OTU2315",7,4.274,2,7,"NS"
"OTU7983",3,1.694,1,3,"NS"
"OTU10493",4,5.546,3,8.52499999999998,"NS"
"OTU11969",3,2.692,1,4,"NS"
"OTU9310",3,1.926,1,3,"NS"
"OTU3121",13,7.822,5,11.525,"Generalists"
"OTU7259",1,1.736,1,3,"NS"
"OTU911",9,10.334,7,15,"NS"
"OTU2870",3,3.496,1.475,6,"NS"
"OTU2978",17,5.67,3,9,"Generalists"
"OTU5837",1,1.41,1,2,"NS"
"OTU3710",5,2.48,1,4,"Generalists"
"OTU1008",4,5.436,3,8,"NS"
"OTU5590",3,2.614,1,4,"NS"
"OTU8572",5,2.942,1,5,"NS"
"OTU7844",3,2.092,1,4,"NS"
"OTU10973",2,1.766,1,3,"NS"
"OTU10898",1,1.434,1,2,"NS"
"OTU320",5,2.144,1,4,"Generalists"
"OTU12532",3,5.43,3,9,"NS"
"OTU5704",2,1.464,1,2,"NS"
"OTU3628",4,3.536,2,6,"NS"
"OTU1908",2,3.904,2,7,"NS"
"OTU3702",1,1.426,1,2,"NS"
"OTU4080",7,5.212,3,8,"NS"
"OTU10692",9,6.43,4,10,"NS"
"OTU4436",2,4.936,2,8,"NS"
"OTU12194",1,1.734,1,3,"NS"
"OTU105",5,4.234,2,7,"NS"
"OTU7048",2,4.276,2,7,"NS"
"OTU7796",2,1.726,1,3,"NS"
"OTU2397",1,11.998,8,17,"Specialists"
"OTU2396",6,3.434,2,5.52499999999998,"Generalists"
"OTU7939",1,1.698,1,3,"NS"
"OTU9695",8,3.922,2,6,"Generalists"
"OTU6626",1,1.71,1,3,"NS"
"OTU5395",2,3.016,1,5,"NS"
"OTU6654",1,2.762,1,4.52499999999998,"NS"
"OTU8316",3,1.936,1,3,"NS"
"OTU3754",6,5.298,3,8,"NS"
"OTU1262",3,6.652,4,10,"Specialists"
"OTU4818",3,2.17,1,4,"NS"
"OTU1239",2,2,1,3,"NS"
"OTU1370",7,16.924,12,22,"Specialists"
"OTU6456",1,4.108,2,7,"Specialists"
"OTU7145",1,1.438,1,2,"NS"
"OTU2392",7,16.258,12,22,"Specialists"
"OTU12210",3,2.786,1,5,"NS"
"OTU11648",3,2.16,1,4,"NS"
"OTU8024",10,8.782,5.475,12,"NS"
"OTU783",2,1.46,1,2,"NS"
"OTU59",9,29.008,23,35,"Specialists"
"OTU60",3,2.308,1,4,"NS"
"OTU6417",4,2.486,1,4,"NS"
"OTU12418",3,2.47,1,4,"NS"
"OTU4186",1,1.434,1,2,"NS"
"OTU3106",2,5.07,3,8,"Specialists"
"OTU9279",1,2.588,1,4,"NS"
"OTU12267",4,1.952,1,3,"Generalists"
"OTU733",2,1.726,1,3,"NS"
"OTU235",2,2.774,1,4,"NS"
"OTU3816",1,1.69,1,3,"NS"
"OTU7173",4,2.158,1,4,"NS"
"OTU1103",6,7.784,4,12,"NS"
"OTU1080",1,17.8,13.475,23,"Specialists"
"OTU2350",1,2.812,1,5,"NS"
"OTU1023",16,17.496,12,22.525,"NS"
"OTU6760",4,2.278,1,4,"NS"
"OTU6230",1,1.47,1,2,"NS"
"OTU3103",4,3.636,2,6,"NS"
"OTU18",8,4.864,3,8,"NS"
"OTU360",1,1.706,1,3,"NS"
"OTU11535",2,1.406,1,2,"NS"
"OTU1849",1,7.148,4,10.525,"Specialists"
"OTU3224",2,5.396,3,9,"Specialists"
"OTU1584",2,14.718,10,20,"Specialists"
"OTU4120",1,1.4,1,2,"NS"
"OTU7620",1,1.446,1,2,"NS"
"OTU7933",1,2.166,1,4,"NS"
"OTU537",3,2.136,1,4,"NS"
"OTU2577",2,1.462,1,2,"NS"
"OTU1660",1,11.05,7,15,"Specialists"
"OTU11332",2,1.964,1,3,"NS"
"OTU9612",2,1.45,1,2,"NS"
"OTU627",1,27.476,21,34,"Specialists"
"OTU342",2,2.78,1,5,"NS"
"OTU210",2,9.08,5.475,13,"Specialists"
"OTU4427",3,2.742,1,5,"NS"
"OTU8052",1,1.986,1,3,"NS"
"OTU5855",4,3.228,1,5.52499999999998,"NS"
"OTU254",12,20.074,15,26,"Specialists"
"OTU1871",6,3.104,1,5,"Generalists"
"OTU2534",8,8.852,5,13,"NS"
"OTU3265",2,1.758,1,3,"NS"
"OTU227",1,1.78,1,3,"NS"
"OTU566",4,2.142,1,4,"NS"
"OTU7193",4,3.944,2,6,"NS"
"OTU145",1,2.306,1,4,"NS"
"OTU11964",2,1.472,1,2,"NS"
"OTU1318",5,2.348,1,4,"Generalists"
"OTU3270",1,1.92,1,3,"NS"
"OTU9826",2,4.542,2,7,"NS"
"OTU1237",3,1.702,1,3,"NS"
"OTU6848",2,1.678,1,3,"NS"
"OTU4108",1,3.176,1,5,"NS"
"OTU2742",1,12.718,8,17,"Specialists"
"OTU147",1,1.462,1,2,"NS"
"OTU10428",6,3.55,2,6,"NS"
"OTU1296",14,18.948,14,25,"NS"
"OTU11165",2,2.668,1,4,"NS"
"OTU1800",1,3.412,1.475,6,"Specialists"
"OTU4068",3,2.1,1,4,"NS"
"OTU12458",1,1.392,1,2,"NS"
"OTU4055",2,2.608,1,4,"NS"
"OTU6571",23,6.382,4,10,"Generalists"
"OTU1140",2,18.226,13,24,"Specialists"
"OTU851",1,1.422,1,2,"NS"
"OTU8697",1,1.412,1,2,"NS"
"OTU4667",4,2.458,1,4,"NS"
"OTU9675",2,1.92,1,3,"NS"
"OTU9548",1,2.654,1,5,"NS"
"OTU1481",2,16.352,12,22,"Specialists"
"OTU4212",1,6.382,4,10,"Specialists"
"OTU6892",3,2.868,1,5,"NS"
"OTU6568",8,4.12,2,7,"Generalists"
"OTU1913",3,1.688,1,3,"NS"
"OTU4559",4,2.402,1,4,"NS"
"OTU3841",3,2.922,1,5,"NS"
"OTU6303",1,1.434,1,2,"NS"
"OTU589",2,1.722,1,3,"NS"
"OTU3388",1,7.086,4,10,"Specialists"
"OTU6634",2,1.436,1,2,"NS"
"OTU35",1,31.884,25,40,"Specialists"
"OTU4926",1,6.54,4,9,"Specialists"
"OTU4161",4,1.914,1,3,"Generalists"
"OTU2684",3,2.462,1,4,"NS"
"OTU3544",1,1.458,1,2,"NS"
"OTU817",16,13.584,9.475,18,"NS"
"OTU89",3,2.714,1,4,"NS"
"OTU4457",2,5.562,3,9,"Specialists"
"OTU5231",2,1.916,1,3,"NS"
"OTU6030",1,1.422,1,2,"NS"
"OTU6720",2,4.024,2,7,"NS"
"OTU7959",1,2.132,1,4,"NS"
"OTU1458",2,15.148,11,20,"Specialists"
"OTU5806",6,2.572,1,4,"Generalists"
"OTU6536",3,3.184,1,5.52499999999998,"NS"
"OTU5094",3,2.814,1,4,"NS"
"OTU3524",7,4.342,2,7,"NS"
"OTU1840",3,3.478,2,6,"NS"
"OTU10938",1,1.42,1,2,"NS"
"OTU10291",4,9.208,5,13.525,"Specialists"
"OTU2211",1,9.636,6,13,"Specialists"
"OTU4693",2,6.328,3,10,"Specialists"
"OTU2945",10,10.228,7,14,"NS"
"OTU2107",1,10.118,6,14,"Specialists"
"OTU2450",10,6.338,4,10,"NS"
"OTU6875",2,1.714,1,3,"NS"
"OTU234",1,1.99,1,3,"NS"
"OTU460",2,1.966,1,3,"NS"
"OTU3657",6,4.884,2.475,8,"NS"
"OTU8813",2,4.536,2,7,"NS"
"OTU9815",1,1.43,1,2,"NS"
"OTU4124",3,2.334,1,4,"NS"
"OTU9166",1,1.432,1,2,"NS"
"OTU3271",6,3.304,2,5.52499999999998,"Generalists"
"OTU6730",1,1.44,1,2,"NS"
"OTU1028",7,2.716,1,5,"Generalists"
"OTU1753",2,1.928,1,3,"NS"
"OTU4808",1,4.368,2,7,"Specialists"
"OTU10439",1,1.736,1,3,"NS"
"OTU5428",1,4.024,2,6,"Specialists"
"OTU2640",1,1.698,1,3,"NS"
"OTU250",2,27.702,21,34,"Specialists"
"OTU4516",2,3.266,1,5,"NS"
"OTU5222",1,1.99,1,3,"NS"
"OTU5611",4,3.374,2,6,"NS"
"OTU4468",7,2.922,1,5,"Generalists"
"OTU316",1,1.438,1,2,"NS"
"OTU5608",1,4.34,2,7,"Specialists"
"OTU10031",3,2.168,1,4,"NS"
"OTU6595",1,2.336,1,4,"NS"
"OTU581",1,14.534,10,20,"Specialists"
"OTU7072",2,1.71,1,3,"NS"
"OTU10862",1,2.172,1,4,"NS"
"OTU1723",4,3.166,1,5,"NS"
"OTU2741",11,9.282,5,13,"NS"
"OTU7081",4,3.126,2,5,"NS"
"OTU3543",5,7.576,4,11,"NS"
"OTU3995",3,3.544,2,6,"NS"
"OTU3249",3,6.334,4,10,"Specialists"
"OTU5681",1,3.4,1.475,6,"Specialists"
"OTU2813",1,9.816,6,14,"Specialists"
"OTU2830",1,2.784,1,5,"NS"
"OTU4284",20,6.828,4,10,"Generalists"
"OTU5338",2,2.706,1,5,"NS"
"OTU6399",2,2.404,1,4,"NS"
"OTU10563",2,1.768,1,3,"NS"
"OTU4914",3,2.27,1,4,"NS"
"OTU1947",1,2.714,1,4,"NS"
"OTU1991",1,2.098,1,4,"NS"
"OTU6018",2,2.488,1,4,"NS"
"OTU5095",2,1.73,1,3,"NS"
"OTU9573",3,1.718,1,3,"NS"
"OTU1307",1,1.768,1,3,"NS"
"OTU1752",2,19.316,14,25,"Specialists"
"OTU10615",2,1.442,1,2,"NS"
"OTU1169",16,9.532,6,13,"Generalists"
"OTU2119",1,4.204,2,7,"Specialists"
"OTU3310",6,6.738,4,10,"NS"
"OTU2928",1,1.718,1,3,"NS"
"OTU3379",4,3.608,2,6,"NS"
"OTU12185",2,1.714,1,3,"NS"
"OTU2906",1,6.566,4,10,"Specialists"
"OTU925",4,9.704,6,13,"Specialists"
"OTU7258",1,1.73,1,3,"NS"
"OTU2240",2,2.722,1,5,"NS"
"OTU6083",1,2.298,1,4,"NS"
"OTU2217",2,1.75,1,3,"NS"
"OTU12967",4,3.832,2,6,"NS"
"OTU2694",2,1.416,1,2,"NS"
"OTU2862",1,10.036,6,14,"Specialists"
"OTU881",1,1.71,1,3,"NS"
"OTU6096",1,1.768,1,3,"NS"
"OTU7450",3,2.428,1,4,"NS"
"OTU11429",1,1.948,1,3,"NS"
"OTU1482",5,4.182,2,6,"NS"
"OTU3294",1,5.194,3,8,"Specialists"
"OTU3058",1,2.684,1,5,"NS"
"OTU9207",2,2.718,1,5,"NS"
"OTU3366",3,2.872,1,5,"NS"
"OTU413",4,6.86,4,10,"NS"
"OTU5582",3,3.134,1,5,"NS"
"OTU6593",6,2.926,1,5,"Generalists"
"OTU3828",3,1.936,1,3,"NS"
"OTU9827",1,1.436,1,2,"NS"
"OTU9713",2,1.45,1,2,"NS"
"OTU3750",2,1.408,1,2,"NS"
"OTU4375",2,2.468,1,4,"NS"
"OTU11162",8,5.306,3,8,"NS"
"OTU4141",3,4.248,2,7,"NS"
"OTU2631",2,2.144,1,4,"NS"
"OTU5872",2,2,1,3,"NS"
"OTU8879",6,5.556,3,9,"NS"
"OTU3929",1,4.82,3,8,"Specialists"
"OTU3203",3,13.092,9,18,"Specialists"
"OTU6904",1,2.372,1,4,"NS"
"OTU4683",10,5.094,3,8,"Generalists"
"OTU4524",1,4.204,2,7,"Specialists"
"OTU4717",3,2.162,1,4,"NS"
"OTU4453",3,1.674,1,3,"NS"
"OTU6143",1,2.54,1,4,"NS"
"OTU313",3,2.43,1,4,"NS"
"OTU4160",2,1.484,1,2,"NS"
"OTU4232",1,1.422,1,2,"NS"
"OTU4393",8,3.582,2,6,"Generalists"
"OTU1317",4,23.634,18,29.525,"Specialists"
"OTU387",3,1.926,1,3,"NS"
"OTU3956",2,2.17,1,4,"NS"
"OTU3835",9,9.182,6,13,"NS"
"OTU6198",1,2.656,1,4,"NS"
"OTU5102",1,1.974,1,3,"NS"
"OTU9365",2,1.434,1,2,"NS"
"OTU8842",6,3.118,1,5,"Generalists"
"OTU2254",2,9.796,6,14,"Specialists"
"OTU1420",2,20.252,15,26,"Specialists"
"OTU3658",3,3.566,2,6,"NS"
"OTU1592",4,17.202,12,23,"Specialists"
"OTU5563",1,4.438,2,7,"Specialists"
"OTU411",4,24.134,18,31,"Specialists"
"OTU7630",16,15.438,10,21,"NS"
"OTU988",3,4.228,2,7,"NS"
"OTU10126",1,2.494,1,4,"NS"
"OTU8213",2,1.998,1,3,"NS"
"OTU11320",1,1.738,1,3,"NS"
"OTU1336",3,3.758,2,6,"NS"
"OTU9666",3,1.954,1,3,"NS"
"OTU2876",4,2.55,1,4,"NS"
"OTU1516",16,6.616,3,10,"Generalists"
"OTU6702",2,4.68,2,7,"NS"
"OTU9621",1,2.136,1,4,"NS"
"OTU7356",2,1.448,1,2,"NS"
"OTU9069",1,1.414,1,2,"NS"
"OTU3410",3,14.374,10,19,"Specialists"
"OTU5113",1,3.196,1,5,"NS"
"OTU7527",1,1.744,1,3,"NS"
"OTU5892",2,1.422,1,2,"NS"
"OTU215",3,2.632,1,4.52499999999998,"NS"
"OTU4437",3,3.84,2,6,"NS"
"OTU5221",2,1.736,1,3,"NS"
"OTU1630",1,2.1,1,3.52499999999998,"NS"
"OTU1518",2,3.528,2,6,"NS"
"OTU3957",2,6.292,4,10,"Specialists"
"OTU5334",1,1.752,1,3,"NS"
"OTU2420",6,10.2,7,14,"Specialists"
"OTU3263",8,8.17,5,12,"NS"
"OTU6401",1,2.942,1,5,"NS"
"OTU6911",2,1.736,1,3,"NS"
"OTU461",8,8.292,5,12,"NS"
"OTU6126",3,2.732,1,5,"NS"
"OTU2622",1,3.024,1,5,"NS"
"OTU85",9,5.434,3,8,"Generalists"
"OTU4514",15,6.902,4,10,"Generalists"
"OTU9593",7,6.09,3,9,"NS"
"OTU8064",2,2.166,1,4,"NS"
"OTU3448",3,2.528,1,4,"NS"
"OTU4868",4,4.014,2,6.52499999999998,"NS"
"OTU10123",6,2.746,1,4,"Generalists"
"OTU6499",2,2.008,1,3,"NS"
"OTU6726",2,1.732,1,3,"NS"
"OTU1276",7,17.822,13,23,"Specialists"
"OTU269",4,2.142,1,4,"NS"
"OTU616",1,4.876,3,7,"Specialists"
"OTU2780",1,1.474,1,2,"NS"
"OTU681",2,1.966,1,3,"NS"
"OTU275",3,26.16,20,32,"Specialists"
"OTU2643",4,3.706,2,6,"NS"
"OTU2365",3,9.09,6,13,"Specialists"
"OTU9617",1,14.26,9.475,20,"Specialists"
"OTU740",3,17.46,12,23,"Specialists"
"OTU1613",7,9.048,5,13,"NS"
"OTU2323",5,4.27,2,7,"NS"
"OTU4405",2,1.764,1,3,"NS"
"OTU3942",2,6.83,4,10,"Specialists"
"OTU2807",1,7.822,4,11,"Specialists"
"OTU12866",1,1.704,1,3,"NS"
"OTU7311",2,2.414,1,4,"NS"
"OTU12869",1,2.328,1,4,"NS"
"OTU284",1,2.108,1,3,"NS"
"OTU3797",5,5.636,3,9,"NS"
"OTU4268",3,2.704,1,5,"NS"
"OTU2095",19,11.164,7,15,"Generalists"
"OTU392",1,1.436,1,2,"NS"
"OTU4633",12,4.426,2,7,"Generalists"
"OTU4838",2,1.448,1,2,"NS"
"OTU11309",3,2.75,1,5,"NS"
"OTU759",2,1.756,1,3,"NS"
"OTU5586",1,2.148,1,4,"NS"
"OTU1181",3,12.034,8,17,"Specialists"
"OTU8039",1,1.442,1,2,"NS"
"OTU12484",3,2.49,1,4,"NS"
"OTU7496",2,1.71,1,3,"NS"
"OTU8547",6,7.088,4,11,"NS"
"OTU8040",13,11.968,8,17,"NS"
"OTU10596",1,1.456,1,2,"NS"
"OTU9820",2,1.396,1,2,"NS"
"OTU12662",3,1.982,1,3,"NS"
"OTU12606",2,1.424,1,2,"NS"
"OTU6794",1,1.432,1,2,"NS"
"OTU6298",1,1.986,1,3,"NS"
"OTU9598",2,1.43,1,2,"NS"
"OTU5470",1,3.174,1.475,5,"Specialists"
"OTU1129",9,21.586,16,27,"Specialists"
"OTU4714",2,4.082,2,7,"NS"
"OTU6249",2,2.122,1,4,"NS"
"OTU4642",3,3.236,1,5.52499999999998,"NS"
"OTU5448",4,3.078,1,5,"NS"
"OTU7916",5,3.254,1.475,5,"NS"
"OTU5903",1,1.966,1,3,"NS"
"OTU2770",2,6.432,3,9.52499999999998,"Specialists"
"OTU5155",1,2.708,1,4,"NS"
"OTU574",7,33.32,27,40,"Specialists"
"OTU2091",6,5.314,3,8,"NS"
"OTU5623",4,1.97,1,3,"Generalists"
"OTU370",17,26.962,21,33,"Specialists"
"OTU1293",1,2.186,1,4,"NS"
"OTU6371",1,1.448,1,2,"NS"
"OTU5617",4,3,1,5,"NS"
"OTU2286",1,2.43,1,4,"NS"
"OTU9549",2,1.456,1,2,"NS"
"OTU8063",2,1.722,1,3,"NS"
"OTU2608",13,11.298,7,16,"NS"
"OTU5083",1,3.578,2,6,"Specialists"
"OTU5504",4,2.934,1,5,"NS"
"OTU2718",3,10.588,7,15,"Specialists"
"OTU421",2,2.494,1,4,"NS"
"OTU3801",4,4.648,2,7.52499999999998,"NS"
"OTU4271",6,2.546,1,4,"Generalists"
"OTU10590",2,2.104,1,4,"NS"
"OTU10907",3,2.314,1,4,"NS"
"OTU7325",2,1.42,1,2,"NS"
"OTU5534",2,1.964,1,3,"NS"
"OTU603",9,8.536,5,12.525,"NS"
"OTU6386",4,2.01,1,3,"Generalists"
"OTU4932",2,4.2,2,7,"NS"
"OTU12074",2,1.986,1,3,"NS"
"OTU5356",1,4.298,2,7,"Specialists"
"OTU8968",2,1.416,1,2,"NS"
"OTU6362",4,4.086,2,6,"NS"
"OTU1761",7,12.474,8,17,"Specialists"
"OTU12943",4,3.252,1,5,"NS"
"OTU1598",2,1.388,1,2,"NS"
"OTU5234",4,3.502,1,5.52499999999998,"NS"
"OTU10712",2,3.772,2,6,"NS"
"OTU1062",2,1.7,1,3,"NS"
"OTU6247",1,1.402,1,2,"NS"
"OTU1285",1,1.404,1,2,"NS"
"OTU3367",2,4.604,2,7,"NS"
"OTU2900",3,10.154,6,14,"Specialists"
"OTU3650",6,5.056,3,8,"NS"
"OTU228",1,2.462,1,4,"NS"
"OTU1150",3,17.87,12,24,"Specialists"
"OTU431",17,32.912,26.475,39.525,"Specialists"
"OTU3864",1,5.202,3,8,"Specialists"
"OTU5344",2,1.416,1,2,"NS"
"OTU1141",3,7.592,5,11,"Specialists"
"OTU4443",1,2.678,1,5,"NS"
"OTU3814",1,7.836,5,11,"Specialists"
"OTU943",1,20.716,15,26,"Specialists"
"OTU3292",8,6.106,3.475,9,"NS"
"OTU2859",6,6.852,4,10,"NS"
"OTU9444",1,1.738,1,3,"NS"
"OTU965",1,2.494,1,4,"NS"
"OTU7592",1,1.736,1,3,"NS"
"OTU10081",2,1.748,1,3,"NS"
"OTU5214",4,1.952,1,3,"Generalists"
"OTU4541",4,2.444,1,4,"NS"
"OTU9019",6,2.916,1,5,"Generalists"
"OTU3528",2,2.36,1,4,"NS"
"OTU7813",4,1.966,1,3,"Generalists"
"OTU1590",2,1.42,1,2,"NS"
"OTU639",1,2.168,1,4,"NS"
"OTU1161",1,2.486,1,4,"NS"
"OTU9344",1,2.35,1,4,"NS"
"OTU4121",2,1.732,1,3,"NS"
"OTU7486",1,2.06,1,3.52499999999998,"NS"
"OTU8883",2,2.502,1,4,"NS"
"OTU2115",3,3.712,2,6,"NS"
"OTU9789",1,1.682,1,3,"NS"
"OTU10498",3,4.042,2,7,"NS"
"OTU9618",1,1.432,1,2,"NS"
"OTU193",1,6.714,4,10,"Specialists"
"OTU968",4,3.998,2,7,"NS"
"OTU3425",2,7.924,5,12,"Specialists"
"OTU9196",1,1.454,1,2,"NS"
"OTU3368",1,1.438,1,2,"NS"
"OTU4432",1,1.466,1,2,"NS"
"OTU811",2,3.122,2,5,"NS"
"OTU5482",3,1.968,1,3,"NS"
"OTU8752",2,1.404,1,2,"NS"
"OTU7019",3,2.64,1,4,"NS"
"OTU270",3,2.92,1,5,"NS"
"OTU8931",1,1.74,1,3,"NS"
"OTU2390",1,1.452,1,2,"NS"
"OTU3168",1,1.44,1,2,"NS"
"OTU10088",1,1.404,1,2,"NS"
"OTU5476",1,2.594,1,4,"NS"
"OTU493",1,1.394,1,2,"NS"
"OTU6673",2,1.708,1,3,"NS"
"OTU6250",1,1.422,1,2,"NS"
"OTU37",1,2.642,1,4,"NS"
"OTU8104",1,1.382,1,2,"NS"
"OTU8001",1,1.742,1,3,"NS"
"OTU5017",1,1.724,1,3,"NS"
"OTU5465",1,1.414,1,2,"NS"
"OTU5394",1,1.984,1,3,"NS"
"OTU12004",1,1.432,1,2,"NS"
"OTU12997",1,1.458,1,2,"NS"
"OTU13106",2,1.93,1,3,"NS"
"OTU4439",1,4.39,2,7,"Specialists"
"OTU7612",1,2.738,1,5,"NS"
"OTU4592",1,1.488,1,2,"NS"
"OTU7040",1,1.98,1,3,"NS"
"OTU4673",4,1.956,1,3,"Generalists"
"OTU745",1,1.438,1,2,"NS"
"OTU3393",2,4.942,3,8,"Specialists"
"OTU8792",1,1.454,1,2,"NS"
"OTU6715",1,1.938,1,3,"NS"
"OTU1712",1,1.436,1,2,"NS"
"OTU578",3,14.448,10,19.525,"Specialists"
"OTU12139",2,1.732,1,3,"NS"
"OTU5176",3,4.012,2,7,"NS"
"OTU2943",1,10.134,7,14,"Specialists"
"OTU9951",1,1.432,1,2,"NS"
"OTU4479",9,3.772,2,6,"Generalists"
"OTU2597",1,2.46,1,4,"NS"
"OTU2758",1,4.418,2,7,"Specialists"
"OTU496",1,1.696,1,3,"NS"
"OTU12512",1,6.602,4,10,"Specialists"
"OTU3719",1,1.744,1,3,"NS"
"OTU1831",1,1.43,1,2,"NS"
"OTU9006",1,1.928,1,3,"NS"
"OTU7791",6,4.404,2,7,"NS"
"OTU1316",6,16.694,12,22,"Specialists"
"OTU4996",10,4.24,2,7,"Generalists"
"OTU9418",3,1.874,1,3,"NS"
"OTU8038",2,1.43,1,2,"NS"
"OTU4789",3,1.73,1,3,"NS"
"OTU6727",1,2.358,1,4,"NS"
"OTU10313",1,1.388,1,2,"NS"
"OTU12245",1,1.436,1,2,"NS"
"OTU2649",1,1.72,1,3,"NS"
"OTU11760",8,3.02,1,5,"Generalists"
"OTU764",2,22.766,17,29,"Specialists"
"OTU797",2,1.738,1,3,"NS"
"OTU11954",3,2.41,1,4,"NS"
"OTU12214",3,1.73,1,3,"NS"
"OTU6695",1,2.19,1,4,"NS"
"OTU3375",1,1.422,1,2,"NS"
"OTU63",1,1.432,1,2,"NS"
"OTU7220",1,2.278,1,4,"NS"
"OTU11012",2,2.336,1,4,"NS"
"OTU291",1,3.624,2,6,"Specialists"
"OTU1716",3,6.69,4,10,"Specialists"
"OTU12075",1,15.952,11,21,"Specialists"
"OTU5852",1,7.64,4,11,"Specialists"
"OTU1261",1,1.408,1,2,"NS"
"OTU1343",4,14.19,10,19,"Specialists"
"OTU2856",1,8.186,5,12,"Specialists"
"OTU1069",4,11.728,8,17,"Specialists"
"OTU5118",6,4.114,2,7,"NS"
"OTU1813",2,17.418,12.475,22,"Specialists"
"OTU4463",1,2.78,1,5,"NS"
"OTU1124",2,18.256,13,24,"Specialists"
"OTU4270",2,4.826,3,7.52499999999998,"Specialists"
"OTU1227",2,4.438,2,7,"NS"
"OTU1682",1,23.558,18,30,"Specialists"
"OTU3335",8,7.14,4,10,"NS"
"OTU999",20,19.642,14,25,"NS"
"OTU2444",1,12.296,8,17,"Specialists"
"OTU2663",1,1.438,1,2,"NS"
"OTU1796",1,14.62,10,19,"Specialists"
"OTU2903",1,4.508,2,7,"Specialists"
"OTU10990",1,27.7,22,34,"Specialists"
"OTU4718",4,4.972,3,8,"NS"
"OTU1625",1,15.112,10,20,"Specialists"
"OTU2383",4,10.194,6,15,"Specialists"
"OTU1346",1,17.272,12,23,"Specialists"
"OTU3252",1,8.442,5,12,"Specialists"
"OTU1122",5,10.838,7,15.525,"Specialists"
"OTU8396",9,10.54,7,15,"NS"
"OTU1738",1,1.444,1,2,"NS"
"OTU2834",3,18.848,14,25,"Specialists"
"OTU4615",5,2.314,1,4,"Generalists"
"OTU1638",1,15.516,11,21,"Specialists"
"OTU6226",4,14.034,9,19,"Specialists"
"OTU11008",1,9.382,6,13,"Specialists"
"OTU5596",1,1.926,1,3,"NS"
"OTU2572",1,7.076,4,11,"Specialists"
"OTU806",3,20.478,15,26,"Specialists"
"OTU2191",1,13.608,9,18,"Specialists"
"OTU3917",7,7.926,5,11,"NS"
"OTU2198",3,19.048,14,25,"Specialists"
"OTU5691",1,26.486,21,33,"Specialists"
"OTU3806",1,9.322,6,13,"Specialists"
"OTU1751",1,19.07,13,25,"Specialists"
"OTU514",2,6.492,3.475,10,"Specialists"
"OTU2081",16,11.732,8,15.525,"Generalists"
"OTU8012",4,3.196,1,5,"NS"
"OTU1230",3,24.272,18.475,30,"Specialists"
"OTU9952",2,2.168,1,4,"NS"
"OTU4305",6,4.908,3,8,"NS"
"OTU2373",5,7.176,4,10,"NS"
"OTU2823",6,5.636,3,8.52499999999998,"NS"
"OTU1539",1,16.558,12,21,"Specialists"
"OTU7865",3,2.146,1,4,"NS"
"OTU645",1,1.752,1,3,"NS"
"OTU12816",1,2.214,1,4,"NS"
"OTU10809",1,1.746,1,3,"NS"
"OTU141",5,2.332,1,4,"Generalists"
"OTU4985",5,2.652,1,4,"Generalists"
"OTU1219",1,18.63,13,23.525,"Specialists"
"OTU8019",1,3.696,2,6,"Specialists"
"OTU3140",7,7.992,5,12,"NS"
"OTU6616",1,1.428,1,2,"NS"
"OTU2313",3,19.584,14,25,"Specialists"
"OTU11720",2,1.436,1,2,"NS"
"OTU5996",3,1.988,1,3,"NS"
"OTU5255",1,4.98,2.475,8,"Specialists"
"OTU9615",1,1.44,1,2,"NS"
"OTU3023",1,1.948,1,3.52499999999998,"NS"
"OTU8328",2,2.148,1,3,"NS"
"OTU9107",4,4.32,2,7,"NS"
"OTU2195",1,1.43,1,2,"NS"
"OTU6452",4,4.234,2,6.52499999999998,"NS"
"OTU9871",1,2.356,1,4,"NS"
"OTU7940",2,2.598,1,4,"NS"
"OTU7552",2,1.422,1,2,"NS"
"OTU2033",6,13.604,9,18,"Specialists"
"OTU3464",3,5.502,3,9,"NS"
"OTU2503",4,8.052,5,12,"Specialists"
"OTU1109",12,20.46,15,26,"Specialists"
"OTU2861",4,13.762,9,18,"Specialists"
"OTU2135",6,14.134,10,19,"Specialists"
"OTU3343",3,2.4,1,4,"NS"
"OTU5828",5,3.05,1,5,"NS"
"OTU4527",4,5.722,3,9,"NS"
"OTU9048",1,2.142,1,4,"NS"
"OTU7966",2,2.104,1,4,"NS"
"OTU286",7,3.342,2,5,"Generalists"
"OTU4780",7,3.944,2,7,"NS"
"OTU635",2,2.158,1,4,"NS"
"OTU11830",3,2.26,1,4,"NS"
"OTU619",3,2.932,1,5,"NS"
"OTU57",2,1.46,1,2,"NS"
"OTU9024",2,1.956,1,3,"NS"
"OTU2161",2,1.396,1,2,"NS"
"OTU204",8,44.872,38,52.525,"Specialists"
"OTU13114",1,3.038,1,5,"NS"
"OTU12938",1,2.896,1,5,"NS"
"OTU4293",3,4.37,2,7,"NS"
"OTU1433",1,2.49,1,4,"NS"
"OTU8191",1,2.638,1,4,"NS"
"OTU5072",2,2.092,1,3,"NS"
"OTU1233",5,2.312,1,4,"Generalists"
"OTU13007",4,2.728,1,5,"NS"
"OTU230",3,3.252,2,5,"NS"
"OTU4747",1,1.95,1,3,"NS"
"OTU7007",2,1.438,1,2,"NS"
"OTU3948",2,2.82,1,5,"NS"
"OTU10671",1,1.458,1,2,"NS"
"OTU3503",6,6.268,3,9.52499999999998,"NS"
"OTU1579",9,10.852,7,15,"NS"
"OTU1691",6,12.694,8,17,"Specialists"
"OTU4316",2,6.346,3,9,"Specialists"
"OTU3700",3,4.862,3,8,"NS"
"OTU473",4,2.454,1,4,"NS"
"OTU4051",5,5.008,2,8,"NS"
"OTU5949",5,5.358,3,8,"NS"
"OTU4898",5,5.32,3,8,"NS"
"OTU9203",5,2.128,1,4,"Generalists"
"OTU6162",1,3.07,1,5,"NS"
"OTU6430",4,1.948,1,3,"Generalists"
"OTU7227",3,1.968,1,3,"NS"
"OTU4771",1,1.452,1,2,"NS"
"OTU5754",6,3.122,1,5,"Generalists"
"OTU4608",2,1.748,1,3,"NS"
"OTU9406",2,2.958,1,5,"NS"
"OTU9212",2,1.742,1,3,"NS"
"OTU278",4,2.322,1,4,"NS"
"OTU6202",1,3.476,2,6,"Specialists"
"OTU13002",2,1.448,1,2,"NS"
"OTU7802",2,1.986,1,3,"NS"
"OTU3093",4,6.404,3.475,9.52499999999998,"NS"
"OTU2837",2,1.446,1,2,"NS"
"OTU836",3,25.794,20,31.525,"Specialists"
"OTU8403",3,2.116,1,4,"NS"
"OTU4734",1,4.292,2,6,"Specialists"
"OTU7671",3,2.486,1,4,"NS"
"OTU8179",3,2.844,1,5,"NS"
"OTU11938",1,1.462,1,2,"NS"
"OTU7232",1,2.43,1,4,"NS"
"OTU4610",4,3.414,2,5,"NS"
"OTU2729",7,10.346,7,15,"NS"
"OTU769",2,1.974,1,3,"NS"
"OTU6974",2,1.702,1,3,"NS"
"OTU10117",3,1.75,1,3,"NS"
"OTU9739",2,1.454,1,2,"NS"
"OTU6071",6,3.716,2,6,"NS"
"OTU4216",4,3.522,2,6,"NS"
"OTU12534",2,1.39,1,2,"NS"
"OTU5473",1,3.452,2,6,"Specialists"
"OTU9143",1,1.698,1,3,"NS"
"OTU1202",1,1.408,1,2,"NS"
"OTU13112",1,3.164,1,5,"NS"
"OTU5490",5,4.26,2,7,"NS"
"OTU1014",1,1.426,1,2,"NS"
"OTU7763",1,4.518,2,7,"Specialists"
"OTU8201",2,1.426,1,2,"NS"
"OTU8221",1,1.716,1,3,"NS"
"OTU1920",1,2.568,1,4,"NS"
"OTU860",1,1.662,1,3,"NS"
"OTU7091",1,2.35,1,4,"NS"
"OTU388",2,1.666,1,3,"NS"
"OTU2073",3,1.688,1,3,"NS"
"OTU5105",2,1.454,1,2,"NS"
"OTU5056",5,3.028,1,5,"NS"
"OTU1733",7,5.214,3,8,"NS"
"OTU6081",1,2.902,1,5,"NS"
"OTU3090",4,7.282,4,11,"NS"
"OTU1389",1,1.704,1,3,"NS"
"OTU11972",1,2.166,1,4,"NS"
"OTU6639",1,2.934,1,5,"NS"
"OTU13045",2,1.734,1,3,"NS"
"OTU9636",2,1.928,1,3,"NS"
"OTU11115",2,1.682,1,3,"NS"
"OTU7923",1,2.644,1,5,"NS"
"OTU5720",1,1.748,1,3,"NS"
"OTU1648",1,4.112,2,7,"Specialists"
"OTU7606",1,1.422,1,2,"NS"
"OTU1639",2,4.93,3,8,"Specialists"
"OTU8036",2,1.45,1,2,"NS"
"OTU9105",4,3.372,2,5.52499999999998,"NS"
"OTU4515",1,3.854,2,6,"Specialists"
"OTU5677",4,3.894,2,6.52499999999998,"NS"
"OTU10828",2,2.256,1,4,"NS"
"OTU3156",1,1.426,1,2,"NS"
"OTU11576",2,1.442,1,2,"NS"
"OTU6416",1,2.452,1,4,"NS"
"OTU3209",5,4.724,2,8,"NS"
"OTU9577",1,1.434,1,2,"NS"
"OTU7464",2,1.44,1,2,"NS"
"OTU2919",3,1.734,1,3,"NS"
"OTU1720",3,4.328,2,7,"NS"
"OTU6153",3,1.74,1,3,"NS"
"OTU7518",1,2.558,1,4,"NS"
"OTU2960",1,1.404,1,2,"NS"
"OTU6793",5,3.328,1.475,5,"NS"
"OTU8668",1,2.31,1,4,"NS"
"OTU675",2,2.19,1,4,"NS"
"OTU1052",1,9.256,6,13,"Specialists"
"OTU1747",2,13.388,9,18,"Specialists"
"OTU4034",2,5.964,3,9,"Specialists"
"OTU6436",2,2.116,1,4,"NS"
"OTU315",3,15.868,11,21,"Specialists"
"OTU8071",1,1.97,1,3,"NS"
"OTU1443",3,3.428,2,5,"NS"
"OTU3130",9,8.126,5,12,"NS"
"OTU3922",4,4.666,2,7,"NS"
"OTU7412",1,1.736,1,3,"NS"
"OTU2619",1,2.094,1,4,"NS"
"OTU10984",1,2.32,1,4,"NS"
"OTU9552",1,1.462,1,2,"NS"
"OTU3200",4,9.504,6,13,"Specialists"
"OTU1128",2,2.126,1,4,"NS"
"OTU5058",9,5.614,3,8,"Generalists"
"OTU5290",2,1.426,1,2,"NS"
"OTU3264",9,6.41,4,10,"NS"
"OTU10681",3,2.31,1,4,"NS"
"OTU3369",3,4.072,2,6,"NS"
"OTU2732",1,2.116,1,4,"NS"
"OTU328",1,1.714,1,3,"NS"
"OTU8058",1,15.668,11,21,"Specialists"
"OTU1297",3,8.01,5,12,"Specialists"
"OTU3173",1,8.448,5,12,"Specialists"
"OTU10386",1,1.754,1,3,"NS"
"OTU6259",1,2.96,1,5,"NS"
"OTU7122",1,3.192,1.475,5,"Specialists"
"OTU835",2,1.938,1,3,"NS"
"OTU2726",4,4.532,2,7,"NS"
"OTU1268",2,3.084,1,5,"NS"
"OTU5436",4,2.608,1,4,"NS"
"OTU7952",1,1.466,1,2,"NS"
"OTU5752",3,1.716,1,3,"NS"
"OTU3559",2,6.22,3,9,"Specialists"
"OTU540",1,10.418,7,15,"Specialists"
"OTU3230",1,4.144,2,7,"Specialists"
"OTU3380",1,3.79,2,6,"Specialists"
"OTU10762",1,2.172,1,4,"NS"
"OTU8232",2,2.272,1,4,"NS"
"OTU6906",2,2.342,1,4,"NS"
"OTU563",1,1.45,1,2,"NS"
"OTU3678",1,6.61,4,10,"Specialists"
"OTU3585",2,7.506,4,11,"Specialists"
"OTU7209",2,2.448,1,4,"NS"
"OTU5911",1,1.764,1,3,"NS"
"OTU10321",1,1.434,1,2,"NS"
"OTU754",3,20.532,15,26,"Specialists"
"OTU1710",4,13.424,9,18,"Specialists"
"OTU9201",2,1.786,1,3,"NS"
"OTU4245",1,1.446,1,2,"NS"
"OTU785",1,1.748,1,3,"NS"
"OTU6151",1,2.896,1,5,"NS"
"OTU7489",2,3.75,2,6,"NS"
"OTU211",4,4.058,2,6,"NS"
"OTU6787",2,1.418,1,2,"NS"
"OTU5333",2,1.92,1,3,"NS"
"OTU3539",3,2.142,1,4,"NS"
"OTU6460",1,1.44,1,2,"NS"
"OTU4903",2,1.984,1,3,"NS"
"OTU1024",3,20.226,15,26,"Specialists"
"OTU7215",1,3.592,2,6,"Specialists"
"OTU982",2,1.434,1,2,"NS"
"OTU4906",1,4.258,2,7,"Specialists"
"OTU6767",1,2.892,1,5,"NS"
"OTU1171",2,1.738,1,3,"NS"
"OTU9128",1,2.58,1,4,"NS"
"OTU2879",2,1.774,1,3,"NS"
"OTU5584",2,1.766,1,3,"NS"
"OTU8194",2,2.138,1,4,"NS"
"OTU3039",1,1.416,1,2,"NS"
"OTU2136",1,1.444,1,2,"NS"
"OTU7177",1,2.552,1,4,"NS"
"OTU8079",2,3.114,1,5,"NS"
"OTU11185",1,1.732,1,3,"NS"
"OTU9118",1,1.742,1,3,"NS"
"OTU6562",1,3.05,1,5,"NS"
"OTU4807",3,5.914,3,10,"NS"
"OTU8089",1,2.468,1,4,"NS"
"OTU9737",1,1.72,1,3,"NS"
"OTU634",1,1.43,1,2,"NS"
"OTU1125",1,18.91,14,24.525,"Specialists"
"OTU9987",1,1.422,1,2,"NS"
"OTU10705",1,2.27,1,4,"NS"
"OTU12113",6,2.43,1,4,"Generalists"
"OTU2838",1,5.892,3,9,"Specialists"
"OTU4570",1,3.052,1,5,"NS"
"OTU6076",2,1.706,1,3,"NS"
"OTU2667",1,8.43,5,12,"Specialists"
"OTU647",1,1.974,1,3,"NS"
"OTU4614",7,3.24,1,5,"Generalists"
"OTU6692",1,3.41,2,6,"Specialists"
"OTU4451",1,3.572,2,6,"Specialists"
"OTU4324",1,2.918,1,5,"NS"
"OTU7321",2,2.502,1,4,"NS"
"OTU8422",1,2.162,1,4,"NS"
"OTU807",2,1.974,1,3,"NS"
"OTU8958",4,2.832,1,5,"NS"
"OTU5462",2,3.898,2,6,"NS"
"OTU7794",1,3.45,1.475,5,"Specialists"
"OTU1234",1,1.718,1,3,"NS"
"OTU1821",1,16.118,11,21,"Specialists"
"OTU901",2,1.97,1,3,"NS"
"OTU1842",1,1.46,1,2,"NS"
"OTU2431",4,6.884,4,10,"NS"
"OTU1188",1,15.84,11,20.525,"Specialists"
"OTU5309",4,2.968,1,5,"NS"
"OTU5741",1,1.412,1,2,"NS"
"OTU3269",1,3.036,1,5,"NS"
"OTU404",1,3.316,1.475,6,"Specialists"
"OTU8482",2,1.426,1,2,"NS"
"OTU5273",2,4.872,2,8,"NS"
"OTU6035",1,1.736,1,3,"NS"
"OTU6722",1,2.916,1,5,"NS"
"OTU4301",1,4.04,2,7,"Specialists"
"OTU8302",2,1.758,1,3,"NS"
"OTU1729",1,2.13,1,4,"NS"
"OTU2533",1,10.826,7,15,"Specialists"
"OTU2293",1,10.922,7,15,"Specialists"
"OTU614",3,2.676,1,4,"NS"
"OTU3303",2,7.68,5,11,"Specialists"
"OTU8905",3,1.922,1,3,"NS"
"OTU11322",4,1.998,1,3,"Generalists"
"OTU8388",3,1.972,1,3,"NS"
"OTU5669",1,3.95,2,6,"Specialists"
"OTU3373",2,6.252,3,9,"Specialists"
"OTU10569",3,2.616,1,4,"NS"
"OTU11247",5,3.996,2,6,"NS"
"OTU2889",1,3.334,1,5.52499999999998,"NS"
"OTU6558",1,1.392,1,2,"NS"
"OTU5156",2,5.514,3,8.52499999999998,"Specialists"
"OTU7211",1,1.42,1,2,"NS"
"OTU7079",2,1.418,1,2,"NS"
"OTU1846",4,14.072,9.475,19,"Specialists"
"OTU2153",1,1.436,1,2,"NS"
"OTU1744",3,6.066,3,9,"NS"
"OTU5507",2,3.012,1,5,"NS"
"OTU10458",2,1.402,1,2,"NS"
"OTU4295",1,8.174,5,12,"Specialists"
"OTU9782",1,1.442,1,2,"NS"
"OTU10200",3,1.744,1,3,"NS"
"OTU1497",2,1.47,1,2,"NS"
"OTU7362",1,1.97,1,3,"NS"
"OTU2911",4,4.612,3,7,"NS"
"OTU2508",8,7.472,4,11,"NS"
"OTU5081",1,3.896,2,6,"Specialists"
"OTU4280",1,1.712,1,3,"NS"
"OTU1756",1,19.462,14,25,"Specialists"
"OTU1884",2,16.548,11,21.525,"Specialists"
"OTU3326",2,5.972,3,9,"Specialists"
"OTU12837",3,3.312,2,5.52499999999998,"NS"
"OTU10419",1,1.928,1,3,"NS"
"OTU4638",1,1.398,1,2,"NS"
"OTU3331",5,6.178,3,9,"NS"
"OTU3062",4,5.588,3,9,"NS"
"OTU5195",2,2.488,1,4,"NS"
"OTU10101",1,1.408,1,2,"NS"
"OTU2929",1,12.252,8,17,"Specialists"
"OTU6535",1,4.066,2,7,"Specialists"
"OTU1583",1,1.734,1,3,"NS"
"OTU9702",1,2.03,1,3,"NS"
"OTU12831",1,1.932,1,3,"NS"
"OTU395",2,2.708,1,5,"NS"
"OTU7285",2,1.92,1,3,"NS"
"OTU7116",1,2.724,1,5,"NS"
"OTU1364",1,2.576,1,4,"NS"
"OTU8772",1,1.694,1,3,"NS"
"OTU10180",1,1.46,1,2,"NS"
"OTU2421",1,1.406,1,2,"NS"
"OTU12018",2,1.784,1,3,"NS"
"OTU5645",1,2.824,1,5,"NS"
"OTU2063",1,19.75,15,25,"Specialists"
"OTU9028",1,1.752,1,3,"NS"
"OTU4579",1,5.022,3,8,"Specialists"
"OTU3724",3,5.996,3,9,"NS"
"OTU11698",3,3.592,1.475,6,"NS"
"OTU9037",1,1.752,1,3,"NS"
"OTU12366",1,1.402,1,2,"NS"
"OTU7263",3,2.274,1,4,"NS"
"OTU5317",4,5.79,3,9,"NS"
"OTU11287",1,1.426,1,2,"NS"
"OTU6321",1,1.744,1,3,"NS"
"OTU12041",2,1.448,1,2,"NS"
"OTU7752",2,2.142,1,4,"NS"
"OTU8050",1,1.69,1,3,"NS"
"OTU2957",1,1.426,1,2,"NS"
"OTU5931",4,2.526,1,4.52499999999998,"NS"
"OTU9138",2,1.702,1,3,"NS"
"OTU7907",1,2.914,1,5,"NS"
"OTU10354",2,1.41,1,2,"NS"
"OTU4411",7,3.536,2,6,"Generalists"
"OTU11358",1,1.732,1,3,"NS"
"OTU6732",3,2.334,1,4,"NS"
"OTU12337",1,1.43,1,2,"NS"
"OTU2977",1,12.894,9,17,"Specialists"
"OTU12071",1,1.726,1,3,"NS"
"OTU3541",1,1.726,1,3,"NS"
"OTU2404",1,13.454,9.475,18,"Specialists"
"OTU2598",1,2.988,1,5,"NS"
"OTU10850",1,1.694,1,3,"NS"
"OTU9248",1,5.784,3,9,"Specialists"
"OTU7931",1,1.424,1,2,"NS"
"OTU9178",3,2.87,1,5,"NS"
"OTU9727",1,1.46,1,2,"NS"
"OTU11363",1,1.416,1,2,"NS"
"OTU11362",1,1.426,1,2,"NS"
"OTU9560",3,2.302,1,4,"NS"
"OTU12029",2,1.424,1,2,"NS"
"OTU6197",4,2.712,1,4,"NS"
"OTU2789",2,8.694,5,13,"Specialists"
"OTU4074",1,1.94,1,3,"NS"
"OTU6384",1,3.278,2,5,"Specialists"
"OTU11758",1,2.882,1,5,"NS"
"OTU8283",2,1.94,1,3,"NS"
"OTU7971",1,2.832,1,5,"NS"
"OTU964",2,2.626,1,4,"NS"
"OTU10215",1,1.402,1,2,"NS"
"OTU4241",4,4.708,3,7,"NS"
"OTU4895",5,6.282,3,10,"NS"
"OTU4225",3,6.122,3,9,"NS"
"OTU2651",3,10.522,6.475,15,"Specialists"
"OTU3732",5,6.002,3,9,"NS"
"OTU3671",7,6.686,4,10,"NS"
"OTU6996",3,2.014,1,3,"NS"
"OTU5270",7,4.708,2,8,"NS"
"OTU8296",2,2.752,1,5,"NS"
"OTU12536",2,1.416,1,2,"NS"
"OTU8997",4,2.922,1,5,"NS"
"OTU4146",3,6.024,3,9,"NS"
"OTU9912",4,2.568,1,4,"NS"
"OTU9684",1,1.412,1,2,"NS"
"OTU8393",2,1.396,1,2,"NS"
"OTU8758",6,3.056,1,5,"Generalists"
"OTU3055",8,5.63,3,9,"NS"
"OTU11000",1,2.222,1,4,"NS"
"OTU3965",2,6.56,4,10,"Specialists"
"OTU9036",6,3.08,1,5,"Generalists"
"OTU6435",2,8.056,5,12,"Specialists"
"OTU1825",1,1.446,1,2,"NS"
"OTU11928",1,1.488,1,2,"NS"
"OTU9839",2,2.478,1,4,"NS"
"OTU2173",3,11.498,7,16,"Specialists"
"OTU6269",1,2.556,1,4,"NS"
"OTU7050",1,1.444,1,2,"NS"
"OTU11348",1,1.736,1,3,"NS"
"OTU5536",1,3.96,2,6,"Specialists"
"OTU5346",2,4.292,2,7,"NS"
"OTU5784",1,3.602,2,6,"Specialists"
"OTU8033",1,1.454,1,2,"NS"
"OTU11743",2,1.442,1,2,"NS"
"OTU11275",1,3.112,1,5,"NS"
"OTU6252",1,3.714,2,6,"Specialists"
"OTU361",1,1.416,1,2,"NS"
"OTU10700",1,2.154,1,4,"NS"
"OTU12968",1,1.432,1,2,"NS"
"OTU10437",1,1.434,1,2,"NS"
"OTU5657",1,3.136,2,5,"Specialists"
"OTU8234",1,2.702,1,5,"NS"
"OTU5559",6,4.204,2,7,"NS"
"OTU6952",4,2.9,1,5,"NS"
"OTU3495",1,1.432,1,2,"NS"
"OTU813",1,1.722,1,3,"NS"
"OTU3561",2,4.978,3,8,"Specialists"
"OTU5185",2,3.862,2,6,"NS"
"OTU3617",2,2.158,1,4,"NS"
"OTU9841",2,1.97,1,3,"NS"
"OTU4790",1,4.818,3,8,"Specialists"
"OTU4556",1,3.148,1,5,"NS"
"OTU5933",3,2.442,1,4,"NS"
"OTU5406",2,3.462,2,6,"NS"
"OTU5097",2,4.284,2,7,"NS"
"OTU7071",1,2.132,1,4,"NS"
"OTU4200",2,3.818,2,6,"NS"
"OTU6152",2,3.166,1,5,"NS"
"OTU2981",1,8.132,5,12,"Specialists"
"OTU2443",3,3.466,2,6,"NS"
"OTU10955",1,2.106,1,4,"NS"
"OTU6475",2,3.398,1,6,"NS"
"OTU7875",2,1.686,1,3,"NS"
"OTU10738",1,1.414,1,2,"NS"
"OTU6621",4,2.634,1,4,"NS"
"OTU12521",1,1.942,1,3,"NS"
"OTU5010",1,4.222,2,7,"Specialists"
"OTU2399",3,10.142,6,14,"Specialists"
"OTU3219",3,10.278,6,14.525,"Specialists"
"OTU4133",1,5.028,3,8,"Specialists"
"OTU7521",1,1.76,1,3,"NS"
"OTU9027",1,3.432,2,6,"Specialists"
"OTU6947",1,2.46,1,4,"NS"
"OTU7519",2,2.672,1,4,"NS"
"OTU4927",2,4.54,2,7,"NS"
"OTU6953",1,3.502,2,6,"Specialists"
"OTU8962",1,1.692,1,3,"NS"
"OTU5527",1,2.11,1,4,"NS"
"OTU6973",1,1.984,1,3,"NS"
"OTU5974",2,4.304,2,7,"NS"
"OTU2124",6,10.332,7,14,"Specialists"
"OTU6349",2,2.748,1,5,"NS"
"OTU5299",4,4.702,2,8,"NS"
"OTU6934",2,1.966,1,3,"NS"
"OTU3865",4,6.566,4,10,"NS"
"OTU7711",3,2.282,1,4,"NS"
"OTU3251",1,1.72,1,3,"NS"
"OTU12974",1,1.414,1,2,"NS"
"OTU12085",2,1.444,1,2,"NS"
"OTU9613",1,1.772,1,3,"NS"
"OTU12105",1,1.462,1,2,"NS"
"OTU6099",3,3.172,1,5,"NS"
"OTU10053",2,2.124,1,3,"NS"
"OTU7299",1,3.236,1,5,"NS"
"OTU1154",3,1.686,1,3,"NS"
"OTU4704",1,3.986,2,7,"Specialists"
"OTU4589",1,3.808,2,6,"Specialists"
"OTU12078",1,2.29,1,4,"NS"
"OTU3679",1,5.48,3,8,"Specialists"
"OTU5329",2,3.074,1,5,"NS"
"OTU9844",1,1.934,1,3,"NS"
"OTU7326",2,3.324,2,5,"NS"
"OTU8618",1,1.404,1,2,"NS"
"OTU7893",1,1.956,1,3,"NS"
"OTU7245",4,3.594,2,6,"NS"
"OTU12201",2,1.924,1,3,"NS"
"OTU6135",2,4.758,3,7,"Specialists"
"OTU2990",1,6.648,4,10,"Specialists"
"OTU4335",1,4.93,2.475,7,"Specialists"
"OTU1662",1,13.37,9,18,"Specialists"
"OTU5601",1,4.314,2,7,"Specialists"
"OTU3938",1,4.934,3,8,"Specialists"
"OTU4830",2,4.652,2,7.52499999999998,"NS"
"OTU12082",1,2.126,1,4,"NS"
"OTU3994",2,4.352,2,7,"NS"
"OTU7692",2,10.816,7,15,"Specialists"
"OTU7490",1,1.924,1,3,"NS"
"OTU7297",1,2.61,1,5,"NS"
"OTU1704",1,1.978,1,3,"NS"
"OTU6747",3,3.02,1,5,"NS"
"OTU5557",1,2.946,1,5,"NS"
"OTU3549",2,1.392,1,2,"NS"
"OTU7304",1,2.49,1,4,"NS"
"OTU5916",3,3.336,2,5,"NS"
"OTU7804",2,2.138,1,4,"NS"
"OTU7391",2,2.088,1,3,"NS"
"OTU7917",1,1.998,1,3,"NS"
"OTU4736",3,4.58,2,7,"NS"
"OTU357",4,2.556,1,4,"NS"
"OTU8340",2,2.304,1,4,"NS"
"OTU3529",2,6.5,4,10,"Specialists"
"OTU2035",2,13.712,9,18,"Specialists"
"OTU3027",1,11.192,7,16,"Specialists"
"OTU4134",1,5.422,3,9,"Specialists"
"OTU6161",2,4.31,2,7,"NS"
"OTU10829",1,1.426,1,2,"NS"
"OTU5172",1,3.696,2,6,"Specialists"
"OTU6227",3,2.32,1,4,"NS"
"OTU1647",1,1.712,1,3,"NS"
"OTU9249",2,1.698,1,3,"NS"
"OTU7727",1,3.068,1,5,"NS"
"OTU10707",1,1.766,1,3,"NS"
"OTU10892",1,1.398,1,2,"NS"
"OTU9852",2,1.904,1,3,"NS"
"OTU10052",1,1.402,1,2,"NS"
"OTU6402",1,2.72,1,4.52499999999998,"NS"
"OTU11963",1,1.94,1,3,"NS"
"OTU5822",1,3.304,1,5.52499999999998,"NS"
"OTU9400",1,1.938,1,3,"NS"
"OTU8576",1,1.974,1,3,"NS"
"OTU10057",1,1.982,1,3,"NS"
"OTU7497",1,2.004,1,3,"NS"
"OTU11755",2,1.438,1,2,"NS"
"OTU3060",1,10.822,7,15,"Specialists"
"OTU3236",1,9.194,6,13,"Specialists"
"OTU7996",1,2.77,1,5,"NS"
"OTU8531",1,3.006,1,5,"NS"
"OTU7654",1,3.406,2,5,"Specialists"
"OTU10606",2,1.44,1,2,"NS"
"OTU9349",1,1.98,1,3,"NS"
"OTU3081",1,1.424,1,2,"NS"
"OTU10683",1,2.414,1,4,"NS"
"OTU8307",1,1.41,1,2,"NS"
"OTU11056",1,2.174,1,4,"NS"
"OTU10092",1,1.702,1,3,"NS"
"OTU1479",1,1.414,1,2,"NS"
"OTU12119",1,1.7,1,3,"NS"
"OTU8537",1,3.178,1.475,5,"Specialists"
"OTU3166",1,9.21,6,14,"Specialists"
"OTU5823",1,3.714,2,6,"Specialists"
"OTU7015",1,2.32,1,4,"NS"
"OTU9893",1,1.78,1,3,"NS"
"OTU12197",1,1.448,1,2,"NS"
"OTU8646",1,1.776,1,3,"NS"
"OTU5877",1,1.754,1,3,"NS"
"OTU8556",1,2.282,1,4,"NS"
"OTU2473",1,13.702,10,18,"Specialists"
"OTU8570",1,1.972,1,3,"NS"
"OTU7187",1,3.07,1,5,"NS"
"OTU9301",1,2.152,1,4,"NS"
"OTU3611",1,1.734,1,3,"NS"
"OTU10689",1,1.476,1,2,"NS"
"OTU7757",2,1.918,1,3,"NS"
"OTU5114",4,14.684,10,19,"Specialists"
"OTU4046",5,2.84,1,5,"NS"
"OTU7200",1,2.35,1,4,"NS"
"OTU5707",5,3.336,1.475,5,"NS"
"OTU5887",2,2.794,1,5,"NS"
"OTU7188",2,2.614,1,5,"NS"
"OTU10029",1,2.476,1,4,"NS"
"OTU8164",2,1.444,1,2,"NS"
"OTU13050",1,1.726,1,3,"NS"
"OTU1605",1,1.724,1,3,"NS"
"OTU5371",4,4.262,2,7,"NS"
"OTU5432",4,3.128,1,5,"NS"
"OTU6713",3,2.312,1,4,"NS"
"OTU5621",2,3.158,2,5,"NS"
"OTU5461",1,1.432,1,2,"NS"
"OTU10754",2,2.27,1,4,"NS"
"OTU8546",2,1.724,1,3,"NS"
"OTU3981",1,7.382,4,11,"Specialists"
"OTU4705",1,1.72,1,3,"NS"
"OTU3772",2,4.086,2,7,"NS"
"OTU5163",4,2.462,1,4,"NS"
"OTU7172",3,2.414,1,4,"NS"
"OTU11423",2,1.436,1,2,"NS"
"OTU3647",1,5.516,3,8.52499999999998,"Specialists"
"OTU4122",1,6.512,4,10,"Specialists"
"OTU8615",3,1.744,1,3,"NS"
"OTU3530",2,1.446,1,2,"NS"
"OTU8475",2,1.756,1,3,"NS"
"OTU4423",1,4.076,2,7,"Specialists"
"OTU12460",1,1.434,1,2,"NS"
"OTU1409",1,15.926,10.475,21,"Specialists"
"OTU5162",1,8.464,5,13,"Specialists"
"OTU5804",1,2.744,1,4,"NS"
"OTU4997",1,4.142,2,7,"Specialists"
"OTU6366",4,3.256,1,5,"NS"
"OTU4953",1,4,2,6,"Specialists"
"OTU6218",1,2.412,1,4,"NS"
"OTU7126",1,2.336,1,4,"NS"
"OTU11475",1,1.698,1,3,"NS"
"OTU3311",1,6.686,4,10,"Specialists"
"OTU7420",2,2.424,1,4,"NS"
"OTU1195",1,1.392,1,2,"NS"
"OTU9535",1,1.392,1,2,"NS"
"OTU12723",1,1.744,1,3,"NS"
"OTU6899",1,2.172,1,4,"NS"
"OTU12477",1,1.432,1,2,"NS"
"OTU8237",1,2.164,1,3.52499999999998,"NS"
"OTU1822",2,14.074,10,19,"Specialists"
"OTU8998",1,2.982,1,5,"NS"
"OTU8633",2,2.148,1,4,"NS"
"OTU10708",1,1.468,1,2,"NS"
"OTU12829",1,1.452,1,2,"NS"
"OTU2540",2,9.268,6,14,"Specialists"
"OTU4145",2,3.614,2,6,"NS"
"OTU4267",1,1.78,1,3,"NS"
"OTU3698",1,4.202,2,6,"Specialists"
"OTU12453",1,1.744,1,3,"NS"
"OTU8483",1,1.416,1,2,"NS"
"OTU3683",2,4.94,3,8,"Specialists"
"OTU4520",2,5.518,3,9,"Specialists"
"OTU9605",1,2.68,1,5,"NS"
"OTU3787",1,5.908,3,9,"Specialists"
"OTU6945",1,1.46,1,2,"NS"
"OTU12820",1,1.456,1,2,"NS"
"OTU9222",1,1.434,1,2,"NS"
"OTU11987",1,1.426,1,2,"NS"
