"","Domain","Phylum","Class","Order","Family","Genus","Species","sign"
"OTU173","Fungi","Ascomycota","Sordariomycetes","Hypocreales","Hypocreaceae","uncl_Hypocreaceae","uncl_Hypocreaceae","Generalists"
"OTU561","Fungi","Ascomycota","Sordariomycetes","Diaporthales","Diaporthaceae","uncl_Diaporthaceae","uncl_Diaporthaceae","Generalists"
"OTU67","Fungi","Ascomycota","Sordariomycetes","Hypocreales","Nectriaceae","Fusarium","uncl_Fusarium","Generalists"
"OTU6679","Fungi","Ascomycota","Sordariomycetes","Hypocreales","Nectriaceae","Fusarium","uncl_Fusarium","Generalists"
"OTU102","Fungi","Ascomycota","Dothideomycetes","Pleosporales","uncl_Pleosporales","uncl_Pleosporales","uncl_Pleosporales","Generalists"
"OTU5","Fungi","Ascomycota","Dothideomycetes","Pleosporales","Periconiaceae","Periconia","uncl_Periconia","Generalists"
"OTU12","Fungi","Ascomycota","Sordariomycetes","Hypocreales","Nectriaceae","Fusarium","uncl_Fusarium","Generalists"
"OTU7","Fungi","Ascomycota","Sordariomycetes","Hypocreales","Nectriaceae","Fusarium","uncl_Fusarium","Generalists"
"OTU749","Fungi","Ascomycota","Dothideomycetes","Pleosporales","Lophiostomataceae","Lophiostoma","uncl_Lophiostoma","Generalists"
"OTU2","Fungi","Ascomycota","uncl_Ascomycota","uncl_Ascomycota","uncl_Ascomycota","uncl_Ascomycota","uncl_Ascomycota","Generalists"
"OTU877","Fungi","Ascomycota","uncl_Ascomycota","uncl_Ascomycota","uncl_Ascomycota","uncl_Ascomycota","uncl_Ascomycota","Generalists"
"OTU12011","Fungi","Ascomycota","uncl_Ascomycota","uncl_Ascomycota","uncl_Ascomycota","uncl_Ascomycota","uncl_Ascomycota","Generalists"
"OTU24","Fungi","Ascomycota","Sordariomycetes","Xylariales","uncl_Xylariales","uncl_Xylariales","uncl_Xylariales","Generalists"
"OTU187","Fungi","Ascomycota","Sordariomycetes","Diaporthales","uncl_Diaporthales","uncl_Diaporthales","uncl_Diaporthales","Generalists"
"OTU25","Fungi","Ascomycota","Sordariomycetes","uncl_Sordariomycetes","uncl_Sordariomycetes","uncl_Sordariomycetes","uncl_Sordariomycetes","Generalists"
"OTU1529","Fungi","Mucoromycota","Glomeromycetes","Glomerales","Glomeraceae","uncl_Glomeraceae","uncl_Glomeraceae","Generalists"
"OTU423","Fungi","Ascomycota","Eurotiomycetes","Eurotiales","Aspergillaceae","Talaromyces","uncl_Talaromyces","Generalists"
"OTU1509","Fungi","Ascomycota","Dothideomycetes","Pleosporales","Periconiaceae","Periconia","uncl_Periconia","Generalists"
"OTU689","Fungi","Ascomycota","uncl_Ascomycota","uncl_Ascomycota","uncl_Ascomycota","uncl_Ascomycota","uncl_Ascomycota","Generalists"
"OTU50","Fungi","Ascomycota","Leotiomycetes","Helotiales","Hyaloscyphaceae","Lachnum","uncl_Lachnum","Generalists"
"OTU3018","Fungi","Ascomycota","Sordariomycetes","Hypocreales","Hypocreaceae","uncl_Hypocreaceae","uncl_Hypocreaceae","Generalists"
"OTU91","Fungi","Ascomycota","Sordariomycetes","Hypocreales","Nectriaceae","Fusarium","Fusarium_polyphialidicum","Generalists"
"OTU100","Fungi","Basidiomycota","Agaricomycetes","Agaricales","Marasmiaceae","uncl_Marasmiaceae","uncl_Marasmiaceae","Generalists"
"OTU13116","Fungi","Ascomycota","Dothideomycetes","uncl_Dothideomycetes","uncl_Dothideomycetes","uncl_Dothideomycetes","uncl_Dothideomycetes","Generalists"
"OTU177","Fungi","Ascomycota","Sordariomycetes","uncl_Sordariomycetes","uncl_Sordariomycetes","uncl_Sordariomycetes","uncl_Sordariomycetes","Generalists"
"OTU7288","Fungi","Ascomycota","uncl_Ascomycota","uncl_Ascomycota","uncl_Ascomycota","uncl_Ascomycota","uncl_Ascomycota","Generalists"
"OTU12774","Fungi","Basidiomycota","Agaricomycetes","Agaricales","uncl_Agaricales","uncl_Agaricales","uncl_Agaricales","Generalists"
"OTU53","Fungi","Ascomycota","Sordariomycetes","Hypocreales","Nectriaceae","uncl_Nectriaceae","uncl_Nectriaceae","Generalists"
"OTU146","Fungi","Ascomycota","Dothideomycetes","uncl_Dothideomycetes","uncl_Dothideomycetes","uncl_Dothideomycetes","uncl_Dothideomycetes","Generalists"
"OTU3757","Fungi","Ascomycota","Sordariomycetes","Sordariales","uncl_Sordariales","uncl_Sordariales","uncl_Sordariales","Generalists"
"OTU76","Fungi","Ascomycota","Sordariomycetes","Myrmecridiales","Myrmecridiaceae","Myrmecridium","uncl_Myrmecridium","Generalists"
"OTU715","Fungi","Ascomycota","Leotiomycetes","Helotiales","uncl_Helotiales","uncl_Helotiales","uncl_Helotiales","Generalists"
"OTU149","Fungi","Ascomycota","Dothideomycetes","Pleosporales","Didymosphaeriaceae","uncl_Didymosphaeriaceae","uncl_Didymosphaeriaceae","Generalists"
"OTU594","Fungi","Ascomycota","Dothideomycetes","uncl_Dothideomycetes","uncl_Dothideomycetes","uncl_Dothideomycetes","uncl_Dothideomycetes","Generalists"
"OTU631","Fungi","Ascomycota","Eurotiomycetes","uncl_Eurotiomycetes","uncl_Eurotiomycetes","uncl_Eurotiomycetes","uncl_Eurotiomycetes","Generalists"
"OTU830","Fungi","Ascomycota","Sordariomycetes","Xylariales","Xylariaceae","Nemania","uncl_Nemania","Generalists"
"OTU7602","Fungi","Ascomycota","Sordariomycetes","Xylariales","Diatrypaceae","uncl_Diatrypaceae","uncl_Diatrypaceae","Generalists"
"OTU3","Fungi","Ascomycota","Dothideomycetes","Pleosporales","uncl_Pleosporales","uncl_Pleosporales","uncl_Pleosporales","Generalists"
"OTU7361","Fungi","Ascomycota","Sordariomycetes","Hypocreales","Nectriaceae","uncl_Nectriaceae","uncl_Nectriaceae","Generalists"
"OTU8836","Fungi","Ascomycota","Sordariomycetes","Hypocreales","Nectriaceae","Fusarium","uncl_Fusarium","Generalists"
"OTU293","Fungi","Ascomycota","Dothideomycetes","Pleosporales","Pleosporaceae","Curvularia","Curvularia_inaequalis","Generalists"
"OTU5531","Fungi","Ascomycota","Sordariomycetes","Hypocreales","Nectriaceae","uncl_Nectriaceae","uncl_Nectriaceae","Generalists"
"OTU10392","Fungi","Ascomycota","Sordariomycetes","Hypocreales","Nectriaceae","Fusarium","uncl_Fusarium","Generalists"
"OTU121","Fungi","Ascomycota","Sordariomycetes","Sordariales","uncl_Sordariales","uncl_Sordariales","uncl_Sordariales","Generalists"
"OTU809","Fungi","Ascomycota","uncl_Ascomycota","uncl_Ascomycota","uncl_Ascomycota","uncl_Ascomycota","uncl_Ascomycota","Generalists"
"OTU7504","Fungi","Basidiomycota","Agaricomycetes","Agaricales","uncl_Agaricales","uncl_Agaricales","uncl_Agaricales","Generalists"
"OTU5396","Fungi","Ascomycota","Sordariomycetes","Sordariales","uncl_Sordariales","uncl_Sordariales","uncl_Sordariales","Generalists"
"OTU674","Fungi","Ascomycota","Dothideomycetes","Pleosporales","uncl_Pleosporales","uncl_Pleosporales","uncl_Pleosporales","Generalists"
"OTU9163","Fungi","Ascomycota","uncl_Ascomycota","uncl_Ascomycota","uncl_Ascomycota","uncl_Ascomycota","uncl_Ascomycota","Generalists"
"OTU1192","Fungi","Ascomycota","Dothideomycetes","uncl_Dothideomycetes","uncl_Dothideomycetes","uncl_Dothideomycetes","uncl_Dothideomycetes","Generalists"
"OTU939","Fungi","Ascomycota","Leotiomycetes","Helotiales","uncl_Helotiales","uncl_Helotiales","uncl_Helotiales","Generalists"
"OTU3896","Fungi","Ascomycota","Sordariomycetes","uncl_Sordariomycetes","uncl_Sordariomycetes","uncl_Sordariomycetes","uncl_Sordariomycetes","Generalists"
"OTU289","Fungi","Ascomycota","Sordariomycetes","uncl_Sordariomycetes","uncl_Sordariomycetes","uncl_Sordariomycetes","uncl_Sordariomycetes","Generalists"
"OTU214","Fungi","Ascomycota","uncl_Ascomycota","uncl_Ascomycota","uncl_Ascomycota","uncl_Ascomycota","uncl_Ascomycota","Generalists"
"OTU137","Fungi","Ascomycota","uncl_Ascomycota","uncl_Ascomycota","uncl_Ascomycota","uncl_Ascomycota","uncl_Ascomycota","Generalists"
"OTU200","Fungi","Ascomycota","Sordariomycetes","uncl_Sordariomycetes","uncl_Sordariomycetes","uncl_Sordariomycetes","uncl_Sordariomycetes","Generalists"
"OTU655","Fungi","Basidiomycota","Agaricomycetes","Agaricales","Marasmiaceae","uncl_Marasmiaceae","uncl_Marasmiaceae","Generalists"
"OTU552","Fungi","Ascomycota","uncl_Ascomycota","uncl_Ascomycota","uncl_Ascomycota","uncl_Ascomycota","uncl_Ascomycota","Generalists"
"OTU10","Fungi","Ascomycota","Sordariomycetes","Hypocreales","Nectriaceae","Fusarium","uncl_Fusarium","Generalists"
"OTU926","Fungi","Ascomycota","Sordariomycetes","uncl_Sordariomycetes","uncl_Sordariomycetes","uncl_Sordariomycetes","uncl_Sordariomycetes","Generalists"
"OTU2462","Fungi","Mucoromycota","Glomeromycetes","Glomerales","Glomeraceae","uncl_Glomeraceae","uncl_Glomeraceae","Generalists"
"OTU9487","Fungi","Ascomycota","Sordariomycetes","Hypocreales","Nectriaceae","Fusarium","uncl_Fusarium","Generalists"
"OTU4672","Fungi","Ascomycota","Sordariomycetes","uncl_Sordariomycetes","uncl_Sordariomycetes","uncl_Sordariomycetes","uncl_Sordariomycetes","Generalists"
"OTU94","Fungi","Ascomycota","Sordariomycetes","Magnaporthales","Magnaporthaceae","Magnaporthiopsis","uncl_Magnaporthiopsis","Generalists"
"OTU708","Fungi","Basidiomycota","Agaricomycetes","uncl_Agaricomycetes","uncl_Agaricomycetes","uncl_Agaricomycetes","uncl_Agaricomycetes","Generalists"
"OTU649","Fungi","Ascomycota","Sordariomycetes","Hypocreales","Nectriaceae","Fusarium","uncl_Fusarium","Generalists"
"OTU7127","Fungi","Ascomycota","Sordariomycetes","Hypocreales","Hypocreaceae","Trichoderma","uncl_Trichoderma","Generalists"
"OTU2559","Fungi","Ascomycota","Eurotiomycetes","Eurotiales","Aspergillaceae","Talaromyces","uncl_Talaromyces","Generalists"
"OTU1007","Fungi","Ascomycota","Dothideomycetes","Pleosporales","uncl_Pleosporales","uncl_Pleosporales","uncl_Pleosporales","Generalists"
"OTU4938","Fungi","Ascomycota","Dothideomycetes","Pleosporales","Pleosporaceae","Curvularia","uncl_Curvularia","Generalists"
"OTU1170","Fungi","Ascomycota","Eurotiomycetes","Chaetothyriales","Herpotrichiellaceae","Veronaea","uncl_Veronaea","Generalists"
"OTU301","Fungi","Ascomycota","Sordariomycetes","Xylariales","Xylariaceae","Xylaria","uncl_Xylaria","Generalists"
"OTU679","Fungi","Ascomycota","Sordariomycetes","uncl_Sordariomycetes","uncl_Sordariomycetes","uncl_Sordariomycetes","uncl_Sordariomycetes","Generalists"
"OTU4421","Fungi","Ascomycota","Sordariomycetes","uncl_Sordariomycetes","uncl_Sordariomycetes","uncl_Sordariomycetes","uncl_Sordariomycetes","Generalists"
"OTU11846","Fungi","Ascomycota","uncl_Ascomycota","uncl_Ascomycota","uncl_Ascomycota","uncl_Ascomycota","uncl_Ascomycota","Generalists"
"OTU123","Fungi","Ascomycota","Sordariomycetes","Hypocreales","Stachybotryaceae","uncl_Stachybotryaceae","uncl_Stachybotryaceae","Generalists"
"OTU10124","Fungi","Ascomycota","uncl_Ascomycota","uncl_Ascomycota","uncl_Ascomycota","uncl_Ascomycota","uncl_Ascomycota","Generalists"
"OTU437","Fungi","Ascomycota","Eurotiomycetes","Chaetothyriales","uncl_Chaetothyriales","uncl_Chaetothyriales","uncl_Chaetothyriales","Generalists"
"OTU5088","Fungi","Ascomycota","Leotiomycetes","Helotiales","uncl_Helotiales","uncl_Helotiales","uncl_Helotiales","Generalists"
"OTU263","Fungi","Ascomycota","Leotiomycetes","uncl_Leotiomycetes","uncl_Leotiomycetes","uncl_Leotiomycetes","uncl_Leotiomycetes","Generalists"
"OTU1252","Fungi","Basidiomycota","Agaricomycetes","Polyporales","Podoscyphaceae","Podoscypha","uncl_Podoscypha","Generalists"
"OTU8314","Fungi","Ascomycota","Eurotiomycetes","Eurotiales","Aspergillaceae","Talaromyces","uncl_Talaromyces","Generalists"
"OTU1485","Fungi","Ascomycota","Sordariomycetes","Hypocreales","Ophiocordycipitaceae","uncl_Ophiocordycipitaceae","uncl_Ophiocordycipitaceae","Generalists"
"OTU6115","Fungi","Ascomycota","Sordariomycetes","Diaporthales","Diaporthaceae","uncl_Diaporthaceae","uncl_Diaporthaceae","Generalists"
"OTU876","Fungi","Ascomycota","uncl_Ascomycota","uncl_Ascomycota","uncl_Ascomycota","uncl_Ascomycota","uncl_Ascomycota","Generalists"
"OTU9657","Fungi","Ascomycota","Sordariomycetes","Sordariales","uncl_Sordariales","uncl_Sordariales","uncl_Sordariales","Generalists"
"OTU15","Fungi","Ascomycota","Sordariomycetes","Hypocreales","Nectriaceae","Fusarium","uncl_Fusarium","Generalists"
"OTU673","Fungi","Ascomycota","Leotiomycetes","Helotiales","uncl_Helotiales","uncl_Helotiales","uncl_Helotiales","Generalists"
"OTU182","Fungi","Ascomycota","Sordariomycetes","Chaetosphaeriales","Chaetosphaeriaceae","Codinaea","uncl_Codinaea","Generalists"
"OTU2641","Fungi","Ascomycota","Sordariomycetes","Sordariales","uncl_Sordariales","uncl_Sordariales","uncl_Sordariales","Generalists"
"OTU8542","Fungi","Basidiomycota","Agaricomycetes","Agaricales","uncl_Agaricales","uncl_Agaricales","uncl_Agaricales","Generalists"
"OTU73","Fungi","Ascomycota","Leotiomycetes","Helotiales","Hyaloscyphaceae","uncl_Hyaloscyphaceae","uncl_Hyaloscyphaceae","Generalists"
"OTU1642","Fungi","Ascomycota","Eurotiomycetes","Eurotiales","Aspergillaceae","Penicillium","uncl_Penicillium","Generalists"
"OTU2285","Fungi","Ascomycota","Saccharomycetes","Saccharomycetales","Phaffomycetaceae","Cyberlindnera","Cyberlindnera_jadinii","Generalists"
"OTU6345","Fungi","Mucoromycota","Glomeromycetes","Glomerales","Glomeraceae","uncl_Glomeraceae","uncl_Glomeraceae","Generalists"
"OTU636","Fungi","Ascomycota","uncl_Ascomycota","uncl_Ascomycota","uncl_Ascomycota","uncl_Ascomycota","uncl_Ascomycota","Generalists"
"OTU6063","Fungi","Basidiomycota","Agaricomycetes","Agaricales","uncl_Agaricales","uncl_Agaricales","uncl_Agaricales","Generalists"
"OTU2642","Fungi","Ascomycota","Eurotiomycetes","Eurotiales","Aspergillaceae","Talaromyces","uncl_Talaromyces","Generalists"
"OTU1815","Fungi","Basidiomycota","Agaricomycetes","Agaricales","uncl_Agaricales","uncl_Agaricales","uncl_Agaricales","Generalists"
"OTU2794","Fungi","Ascomycota","Sordariomycetes","Hypocreales","Hypocreaceae","Trichoderma","uncl_Trichoderma","Generalists"
"OTU3523","Fungi","Mucoromycota","uncl_Mucoromycota","uncl_Mucoromycota","uncl_Mucoromycota","uncl_Mucoromycota","uncl_Mucoromycota","Generalists"
"OTU3109","Fungi","Basidiomycota","Agaricomycetes","Agaricales","uncl_Agaricales","uncl_Agaricales","uncl_Agaricales","Generalists"
"OTU1448","Fungi","Ascomycota","Eurotiomycetes","Chaetothyriales","uncl_Chaetothyriales","uncl_Chaetothyriales","uncl_Chaetothyriales","Generalists"
"OTU287","Fungi","Ascomycota","Dothideomycetes","uncl_Dothideomycetes","uncl_Dothideomycetes","uncl_Dothideomycetes","uncl_Dothideomycetes","Generalists"
"OTU1643","Fungi","Ascomycota","Dothideomycetes","Pleosporales","Pleosporaceae","Alternaria","uncl_Alternaria","Generalists"
"OTU7766","Fungi","Ascomycota","uncl_Ascomycota","uncl_Ascomycota","uncl_Ascomycota","uncl_Ascomycota","uncl_Ascomycota","Generalists"
"OTU10931","Fungi","Ascomycota","Sordariomycetes","Hypocreales","Nectriaceae","uncl_Nectriaceae","uncl_Nectriaceae","Generalists"
"OTU13030","Fungi","Ascomycota","Sordariomycetes","Hypocreales","Nectriaceae","Fusarium","uncl_Fusarium","Generalists"
"OTU14","Fungi","Ascomycota","Sordariomycetes","Hypocreales","Bionectriaceae","Ijuhya","uncl_Ijuhya","Generalists"
"OTU176","Fungi","Ascomycota","Eurotiomycetes","Eurotiales","Aspergillaceae","Talaromyces","uncl_Talaromyces","Generalists"
"OTU12045","Fungi","Ascomycota","uncl_Ascomycota","uncl_Ascomycota","uncl_Ascomycota","uncl_Ascomycota","uncl_Ascomycota","Generalists"
"OTU520","Fungi","Ascomycota","Sordariomycetes","Trichosphaeriales","Trichosphaeriaceae","Nigrospora","uncl_Nigrospora","Generalists"
"OTU9","Fungi","Ascomycota","Sordariomycetes","Hypocreales","Hypocreaceae","uncl_Hypocreaceae","uncl_Hypocreaceae","Generalists"
"OTU1383","Fungi","Ascomycota","Sordariomycetes","uncl_Sordariomycetes","uncl_Sordariomycetes","uncl_Sordariomycetes","uncl_Sordariomycetes","Generalists"
"OTU120","Fungi","Basidiomycota","Agaricomycetes","Agaricales","uncl_Agaricales","uncl_Agaricales","uncl_Agaricales","Generalists"
"OTU163","Fungi","Ascomycota","Sordariomycetes","Xylariales","Xylariaceae","uncl_Xylariaceae","uncl_Xylariaceae","Generalists"
"OTU7840","Fungi","Ascomycota","uncl_Ascomycota","uncl_Ascomycota","uncl_Ascomycota","uncl_Ascomycota","uncl_Ascomycota","Generalists"
"OTU12189","Fungi","Ascomycota","Dothideomycetes","Pleosporales","uncl_Pleosporales","uncl_Pleosporales","uncl_Pleosporales","Generalists"
"OTU13013","Fungi","Ascomycota","Dothideomycetes","Pleosporales","uncl_Pleosporales","uncl_Pleosporales","uncl_Pleosporales","Generalists"
"OTU9703","Fungi","Ascomycota","Dothideomycetes","Pleosporales","Pleosporaceae","Curvularia","uncl_Curvularia","Generalists"
"OTU3359","Fungi","Mucoromycota","Glomeromycetes","Glomerales","Glomeraceae","Rhizophagus","uncl_Rhizophagus","Generalists"
"OTU5399","Fungi","Ascomycota","Leotiomycetes","Helotiales","uncl_Helotiales","uncl_Helotiales","uncl_Helotiales","Generalists"
"OTU2521","Fungi","Mucoromycota","Glomeromycetes","Glomerales","Glomeraceae","uncl_Glomeraceae","uncl_Glomeraceae","Generalists"
"OTU13039","Fungi","Ascomycota","Sordariomycetes","Hypocreales","Nectriaceae","uncl_Nectriaceae","uncl_Nectriaceae","Generalists"
"OTU10922","Fungi","Ascomycota","Dothideomycetes","Pleosporales","Massarinaceae","Stagonospora","Stagonospora_bicolor","Generalists"
"OTU229","Fungi","Ascomycota","Sordariomycetes","Hypocreales","Hypocreaceae","uncl_Hypocreaceae","uncl_Hypocreaceae","Generalists"
"OTU51","Fungi","Ascomycota","Dothideomycetes","Pleosporales","Didymosphaeriaceae","uncl_Didymosphaeriaceae","uncl_Didymosphaeriaceae","Generalists"
"OTU12561","Fungi","Ascomycota","uncl_Ascomycota","uncl_Ascomycota","uncl_Ascomycota","uncl_Ascomycota","uncl_Ascomycota","Generalists"
"OTU22","Fungi","Ascomycota","Leotiomycetes","Helotiales","Mollisiaceae","Mollisia","uncl_Mollisia","Generalists"
"OTU632","Fungi","Ascomycota","Dothideomycetes","Pleosporales","Phaeosphaeriaceae","uncl_Phaeosphaeriaceae","uncl_Phaeosphaeriaceae","Generalists"
"OTU6299","Fungi","Ascomycota","Eurotiomycetes","Chaetothyriales","uncl_Chaetothyriales","uncl_Chaetothyriales","uncl_Chaetothyriales","Generalists"
"OTU8294","Fungi","Ascomycota","Sordariomycetes","Hypocreales","Nectriaceae","uncl_Nectriaceae","uncl_Nectriaceae","Generalists"
"OTU10199","Fungi","Ascomycota","Sordariomycetes","Diaporthales","uncl_Diaporthales","uncl_Diaporthales","uncl_Diaporthales","Generalists"
"OTU5983","Fungi","Basidiomycota","Malasseziomycetes","Malasseziales","Malasseziaceae","Malassezia","Malassezia_arunalokei","Generalists"
"OTU12148","Fungi","Ascomycota","Dothideomycetes","Pleosporales","uncl_Pleosporales","uncl_Pleosporales","uncl_Pleosporales","Generalists"
"OTU3071","Fungi","Ascomycota","Sordariomycetes","Sordariales","uncl_Sordariales","uncl_Sordariales","uncl_Sordariales","Generalists"
"OTU3180","Fungi","Mucoromycota","Glomeromycetes","Glomerales","Glomeraceae","uncl_Glomeraceae","uncl_Glomeraceae","Generalists"
"OTU2543","Fungi","Ascomycota","Lecanoromycetes","uncl_Lecanoromycetes","uncl_Lecanoromycetes","uncl_Lecanoromycetes","uncl_Lecanoromycetes","Generalists"
"OTU192","Fungi","Ascomycota","Sordariomycetes","Sordariales","uncl_Sordariales","uncl_Sordariales","uncl_Sordariales","Generalists"
"OTU5893","Fungi","Ascomycota","Sordariomycetes","Myrmecridiales","Myrmecridiaceae","Myrmecridium","Myrmecridium_schulzeri","Generalists"
"OTU7554","Fungi","Ascomycota","Sordariomycetes","Hypocreales","Nectriaceae","Fusarium","uncl_Fusarium","Generalists"
"OTU4","Fungi","Ascomycota","Dothideomycetes","Pleosporales","uncl_Pleosporales","uncl_Pleosporales","uncl_Pleosporales","Generalists"
"OTU8080","Fungi","Ascomycota","Eurotiomycetes","Chaetothyriales","uncl_Chaetothyriales","uncl_Chaetothyriales","uncl_Chaetothyriales","Generalists"
"OTU6","Fungi","Ascomycota","Dothideomycetes","Pleosporales","Periconiaceae","Periconia","uncl_Periconia","Generalists"
"OTU7274","Fungi","Ascomycota","Sordariomycetes","Hypocreales","Nectriaceae","uncl_Nectriaceae","uncl_Nectriaceae","Generalists"
"OTU4123","Fungi","Ascomycota","Dothideomycetes","Capnodiales","Cladosporiaceae","uncl_Cladosporiaceae","uncl_Cladosporiaceae","Generalists"
"OTU2635","Fungi","Mucoromycota","Glomeromycetes","Glomerales","uncl_Glomerales","uncl_Glomerales","uncl_Glomerales","Generalists"
"OTU11615","Fungi","Ascomycota","Dothideomycetes","Pleosporales","Pleosporaceae","Curvularia","uncl_Curvularia","Generalists"
"OTU2031","Fungi","Mucoromycota","Glomeromycetes","Glomerales","Glomeraceae","uncl_Glomeraceae","uncl_Glomeraceae","Generalists"
"OTU9749","Fungi","Ascomycota","Dothideomycetes","Pleosporales","Lentitheciaceae","Darksidea","uncl_Darksidea","Generalists"
"OTU11980","Fungi","Ascomycota","Sordariomycetes","uncl_Sordariomycetes","uncl_Sordariomycetes","uncl_Sordariomycetes","uncl_Sordariomycetes","Generalists"
"OTU27","Fungi","Ascomycota","Sordariomycetes","uncl_Sordariomycetes","uncl_Sordariomycetes","uncl_Sordariomycetes","uncl_Sordariomycetes","Generalists"
"OTU16","Fungi","Ascomycota","Sordariomycetes","Hypocreales","Bionectriaceae","Ijuhya","uncl_Ijuhya","Generalists"
"OTU188","Fungi","Ascomycota","Sordariomycetes","Diaporthales","uncl_Diaporthales","uncl_Diaporthales","uncl_Diaporthales","Generalists"
"OTU1491","Fungi","Ascomycota","Dothideomycetes","uncl_Dothideomycetes","uncl_Dothideomycetes","uncl_Dothideomycetes","uncl_Dothideomycetes","Generalists"
"OTU5998","Fungi","Ascomycota","Sordariomycetes","Xylariales","uncl_Xylariales","uncl_Xylariales","uncl_Xylariales","Generalists"
"OTU638","Fungi","Basidiomycota","Agaricomycetes","Polyporales","uncl_Polyporales","uncl_Polyporales","uncl_Polyporales","Generalists"
"OTU45","Fungi","Ascomycota","Dothideomycetes","Pleosporales","uncl_Pleosporales","uncl_Pleosporales","uncl_Pleosporales","Generalists"
"OTU3125","Fungi","Mucoromycota","Glomeromycetes","Glomerales","Glomeraceae","uncl_Glomeraceae","uncl_Glomeraceae","Generalists"
"OTU8516","Fungi","Mucoromycota","Glomeromycetes","Glomerales","Glomeraceae","uncl_Glomeraceae","uncl_Glomeraceae","Generalists"
"OTU4107","Fungi","Ascomycota","Dothideomycetes","uncl_Dothideomycetes","uncl_Dothideomycetes","uncl_Dothideomycetes","uncl_Dothideomycetes","Generalists"
"OTU12247","Fungi","Ascomycota","Sordariomycetes","Hypocreales","uncl_Hypocreales","uncl_Hypocreales","uncl_Hypocreales","Generalists"
"OTU5652","Fungi","Ascomycota","Sordariomycetes","uncl_Sordariomycetes","uncl_Sordariomycetes","uncl_Sordariomycetes","uncl_Sordariomycetes","Generalists"
"OTU12423","Fungi","Ascomycota","Dothideomycetes","Pleosporales","uncl_Pleosporales","uncl_Pleosporales","uncl_Pleosporales","Generalists"
"OTU1231","Fungi","Mucoromycota","Glomeromycetes","Glomerales","Glomeraceae","Rhizophagus","uncl_Rhizophagus","Generalists"
"OTU103","Fungi","Ascomycota","Dothideomycetes","Pleosporales","uncl_Pleosporales","uncl_Pleosporales","uncl_Pleosporales","Generalists"
"OTU97","Fungi","Ascomycota","Sordariomycetes","Hypocreales","Nectriaceae","Fusarium","Fusarium_polyphialidicum","Generalists"
"OTU6337","Fungi","Ascomycota","Lecanoromycetes","uncl_Lecanoromycetes","uncl_Lecanoromycetes","uncl_Lecanoromycetes","uncl_Lecanoromycetes","Generalists"
"OTU10535","Fungi","Basidiomycota","Agaricomycetes","Agaricales","Marasmiaceae","uncl_Marasmiaceae","uncl_Marasmiaceae","Generalists"
"OTU7878","Fungi","Ascomycota","Dothideomycetes","uncl_Dothideomycetes","uncl_Dothideomycetes","uncl_Dothideomycetes","uncl_Dothideomycetes","Generalists"
"OTU251","Fungi","Ascomycota","Sordariomycetes","Hypocreales","uncl_Hypocreales","uncl_Hypocreales","uncl_Hypocreales","Generalists"
"OTU5613","Fungi","Ascomycota","Dothideomycetes","Pleosporales","Lentitheciaceae","Darksidea","uncl_Darksidea","Generalists"
"OTU2288","Fungi","Ascomycota","Dothideomycetes","Pleosporales","Pleosporales_fam_Incertae_sedis","Aaosphaeria","Aaosphaeria_arxii","Generalists"
"OTU70","Fungi","Ascomycota","Sordariomycetes","Hypocreales","Nectriaceae","Fusarium","uncl_Fusarium","Generalists"
"OTU6797","Fungi","Mucoromycota","Glomeromycetes","Glomerales","Glomeraceae","uncl_Glomeraceae","uncl_Glomeraceae","Generalists"
"OTU7056","Fungi","Ascomycota","uncl_Ascomycota","uncl_Ascomycota","uncl_Ascomycota","uncl_Ascomycota","uncl_Ascomycota","Generalists"
"OTU5437","Fungi","Ascomycota","Dothideomycetes","Pleosporales","uncl_Pleosporales","uncl_Pleosporales","uncl_Pleosporales","Generalists"
"OTU1916","Fungi","Mucoromycota","Glomeromycetes","Glomerales","Glomeraceae","uncl_Glomeraceae","uncl_Glomeraceae","Generalists"
"OTU2556","Fungi","Mucoromycota","Glomeromycetes","Glomerales","Glomeraceae","uncl_Glomeraceae","uncl_Glomeraceae","Generalists"
"OTU4465","Fungi","Mucoromycota","Glomeromycetes","Glomerales","Glomeraceae","uncl_Glomeraceae","uncl_Glomeraceae","Generalists"
"OTU2656","Fungi","Mucoromycota","Glomeromycetes","Glomerales","Glomeraceae","uncl_Glomeraceae","uncl_Glomeraceae","Generalists"
"OTU1621","Fungi","Mucoromycota","Glomeromycetes","Glomerales","Glomeraceae","uncl_Glomeraceae","uncl_Glomeraceae","Generalists"
"OTU1282","Fungi","Mucoromycota","uncl_Mucoromycota","uncl_Mucoromycota","uncl_Mucoromycota","uncl_Mucoromycota","uncl_Mucoromycota","Generalists"
"OTU9550","Fungi","Mucoromycota","Glomeromycetes","Glomerales","Glomeraceae","uncl_Glomeraceae","uncl_Glomeraceae","Generalists"
"OTU1204","Fungi","Ascomycota","uncl_Ascomycota","uncl_Ascomycota","uncl_Ascomycota","uncl_Ascomycota","uncl_Ascomycota","Generalists"
"OTU4832","Fungi","Mucoromycota","Glomeromycetes","uncl_Glomeromycetes","uncl_Glomeromycetes","uncl_Glomeromycetes","uncl_Glomeromycetes","Generalists"
"OTU264","Fungi","Ascomycota","Sordariomycetes","Sordariales","Chaetomiaceae","uncl_Chaetomiaceae","uncl_Chaetomiaceae","Generalists"
"OTU3097","Fungi","Mucoromycota","Glomeromycetes","Glomerales","uncl_Glomerales","uncl_Glomerales","uncl_Glomerales","Generalists"
"OTU390","Fungi","Ascomycota","uncl_Ascomycota","uncl_Ascomycota","uncl_Ascomycota","uncl_Ascomycota","uncl_Ascomycota","Generalists"
"OTU4534","Fungi","Mucoromycota","Mortierellomycetes","uncl_Mortierellomycetes","uncl_Mortierellomycetes","uncl_Mortierellomycetes","uncl_Mortierellomycetes","Generalists"
"OTU2140","Fungi","Ascomycota","Dothideomycetes","Mycosphaerellales","uncl_Mycosphaerellales","uncl_Mycosphaerellales","uncl_Mycosphaerellales","Generalists"
"OTU311","Fungi","Mucoromycota","Mortierellomycetes","Mortierellales","Mortierellaceae","Mortierella","uncl_Mortierella","Generalists"
"OTU36","Fungi","Ascomycota","Lecanoromycetes","uncl_Lecanoromycetes","uncl_Lecanoromycetes","uncl_Lecanoromycetes","uncl_Lecanoromycetes","Generalists"
"OTU2629","Fungi","Mucoromycota","uncl_Mucoromycota","uncl_Mucoromycota","uncl_Mucoromycota","uncl_Mucoromycota","uncl_Mucoromycota","Generalists"
"OTU1950","Fungi","Mucoromycota","Glomeromycetes","Glomerales","Glomeraceae","uncl_Glomeraceae","uncl_Glomeraceae","Generalists"
"OTU8674","Fungi","Ascomycota","Sordariomycetes","Sordariales","uncl_Sordariales","uncl_Sordariales","uncl_Sordariales","Generalists"
"OTU597","Fungi","Ascomycota","Sordariomycetes","Hypocreales","Stachybotryaceae","uncl_Stachybotryaceae","uncl_Stachybotryaceae","Generalists"
"OTU1722","Fungi","Ascomycota","Dothideomycetes","Pleosporales","Pleosporaceae","uncl_Pleosporaceae","uncl_Pleosporaceae","Generalists"
"OTU730","Fungi","Ascomycota","Sordariomycetes","Magnaporthales","Magnaporthaceae","Magnaporthe","uncl_Magnaporthe","Generalists"
"OTU612","Fungi","Ascomycota","Dothideomycetes","Pleosporales","Pleosporaceae","Bipolaris","uncl_Bipolaris","Generalists"
"OTU9733","Fungi","Mucoromycota","Glomeromycetes","Glomerales","Glomeraceae","uncl_Glomeraceae","uncl_Glomeraceae","Generalists"
"OTU8690","Fungi","Ascomycota","Dothideomycetes","uncl_Dothideomycetes","uncl_Dothideomycetes","uncl_Dothideomycetes","uncl_Dothideomycetes","Generalists"
"OTU5110","Fungi","Mucoromycota","Glomeromycetes","Glomerales","uncl_Glomerales","uncl_Glomerales","uncl_Glomerales","Generalists"
"OTU576","Fungi","Ascomycota","Sordariomycetes","Hypocreales","uncl_Hypocreales","uncl_Hypocreales","uncl_Hypocreales","Generalists"
"OTU1794","Fungi","Mucoromycota","Glomeromycetes","Glomerales","Glomeraceae","uncl_Glomeraceae","uncl_Glomeraceae","Generalists"
"OTU2210","Fungi","Mucoromycota","Glomeromycetes","Glomerales","Glomeraceae","uncl_Glomeraceae","uncl_Glomeraceae","Generalists"
"OTU11686","Fungi","Mucoromycota","Glomeromycetes","uncl_Glomeromycetes","uncl_Glomeromycetes","uncl_Glomeromycetes","uncl_Glomeromycetes","Generalists"
"OTU9928","Fungi","Mucoromycota","Glomeromycetes","Glomerales","Glomeraceae","uncl_Glomeraceae","uncl_Glomeraceae","Generalists"
"OTU323","Fungi","Ascomycota","Dothideomycetes","uncl_Dothideomycetes","uncl_Dothideomycetes","uncl_Dothideomycetes","uncl_Dothideomycetes","Generalists"
"OTU11611","Fungi","Mucoromycota","Glomeromycetes","Glomerales","Glomeraceae","uncl_Glomeraceae","uncl_Glomeraceae","Generalists"
"OTU8753","Fungi","Mucoromycota","Glomeromycetes","Glomerales","Glomeraceae","uncl_Glomeraceae","uncl_Glomeraceae","Generalists"
"OTU3675","Fungi","Mucoromycota","Glomeromycetes","Glomerales","Glomeraceae","uncl_Glomeraceae","uncl_Glomeraceae","Generalists"
"OTU2133","Fungi","Ascomycota","Dothideomycetes","Pleosporales","uncl_Pleosporales","uncl_Pleosporales","uncl_Pleosporales","Generalists"
"OTU10353","Fungi","Ascomycota","Sordariomycetes","Magnaporthales","Magnaporthaceae","uncl_Magnaporthaceae","uncl_Magnaporthaceae","Generalists"
"OTU1597","Fungi","Mucoromycota","Glomeromycetes","Glomerales","uncl_Glomerales","uncl_Glomerales","uncl_Glomerales","Generalists"
"OTU65","Fungi","Ascomycota","Dothideomycetes","Pleosporales","uncl_Pleosporales","uncl_Pleosporales","uncl_Pleosporales","Generalists"
"OTU77","Fungi","Ascomycota","Sordariomycetes","Sordariales","uncl_Sordariales","uncl_Sordariales","uncl_Sordariales","Generalists"
"OTU4875","Fungi","Mucoromycota","Glomeromycetes","Glomerales","Glomeraceae","uncl_Glomeraceae","uncl_Glomeraceae","Generalists"
"OTU5509","Fungi","Basidiomycota","Tremellomycetes","Tremellales","uncl_Tremellales","uncl_Tremellales","uncl_Tremellales","Generalists"
"OTU11927","Fungi","Ascomycota","uncl_Ascomycota","uncl_Ascomycota","uncl_Ascomycota","uncl_Ascomycota","uncl_Ascomycota","Generalists"
"OTU7868","Fungi","Mucoromycota","Glomeromycetes","Glomerales","Glomeraceae","uncl_Glomeraceae","uncl_Glomeraceae","Generalists"
"OTU2604","Fungi","Mucoromycota","Glomeromycetes","Glomerales","Glomeraceae","Rhizophagus","uncl_Rhizophagus","Generalists"
"OTU3256","Fungi","Basidiomycota","Agaricomycetes","Cantharellales","Ceratobasidiaceae","Ceratobasidium","uncl_Ceratobasidium","Generalists"
"OTU2155","Fungi","Mucoromycota","Glomeromycetes","Glomerales","Glomeraceae","uncl_Glomeraceae","uncl_Glomeraceae","Generalists"
"OTU5472","Fungi","Mucoromycota","Glomeromycetes","Glomerales","Glomeraceae","uncl_Glomeraceae","uncl_Glomeraceae","Generalists"
"OTU735","Fungi","Ascomycota","Dothideomycetes","Capnodiales","uncl_Capnodiales","uncl_Capnodiales","uncl_Capnodiales","Generalists"
"OTU333","Fungi","Ascomycota","Dothideomycetes","uncl_Dothideomycetes","uncl_Dothideomycetes","uncl_Dothideomycetes","uncl_Dothideomycetes","Generalists"
"OTU2857","Fungi","Mucoromycota","Glomeromycetes","Glomerales","Glomeraceae","uncl_Glomeraceae","uncl_Glomeraceae","Generalists"
"OTU11610","Fungi","Ascomycota","Sordariomycetes","Magnaporthales","Magnaporthaceae","Magnaporthiopsis","uncl_Magnaporthiopsis","Generalists"
"OTU3802","Fungi","Mucoromycota","Glomeromycetes","Glomerales","Glomeraceae","uncl_Glomeraceae","uncl_Glomeraceae","Generalists"
"OTU4430","Fungi","Ascomycota","Dothideomycetes","uncl_Dothideomycetes","uncl_Dothideomycetes","uncl_Dothideomycetes","uncl_Dothideomycetes","Generalists"
"OTU1238","Fungi","Ascomycota","uncl_Ascomycota","uncl_Ascomycota","uncl_Ascomycota","uncl_Ascomycota","uncl_Ascomycota","Generalists"
"OTU2000","Fungi","Ascomycota","Saccharomycetes","uncl_Saccharomycetes","uncl_Saccharomycetes","uncl_Saccharomycetes","uncl_Saccharomycetes","Generalists"
"OTU1334","Fungi","Ascomycota","Dothideomycetes","uncl_Dothideomycetes","uncl_Dothideomycetes","uncl_Dothideomycetes","uncl_Dothideomycetes","Generalists"
"OTU1492","Fungi","Ascomycota","Dothideomycetes","Pleosporales","Periconiaceae","Periconia","Periconia_epilithographicola","Generalists"
"OTU2852","Fungi","Mucoromycota","Glomeromycetes","Glomerales","Glomeraceae","Rhizophagus","uncl_Rhizophagus","Generalists"
"OTU910","Fungi","Ascomycota","Eurotiomycetes","Chaetothyriales","uncl_Chaetothyriales","uncl_Chaetothyriales","uncl_Chaetothyriales","Generalists"
"OTU12705","Fungi","Mucoromycota","Glomeromycetes","Glomerales","Glomeraceae","Rhizophagus","uncl_Rhizophagus","Generalists"
"OTU2594","Fungi","Ascomycota","Eurotiomycetes","uncl_Eurotiomycetes","uncl_Eurotiomycetes","uncl_Eurotiomycetes","uncl_Eurotiomycetes","Generalists"
"OTU5321","Fungi","Ascomycota","uncl_Ascomycota","uncl_Ascomycota","uncl_Ascomycota","uncl_Ascomycota","uncl_Ascomycota","Generalists"
"OTU2609","Fungi","Ascomycota","Dothideomycetes","Pleosporales","Pleosporaceae","Curvularia","uncl_Curvularia","Generalists"
"OTU10193","Fungi","Mucoromycota","Glomeromycetes","Glomerales","Glomeraceae","uncl_Glomeraceae","uncl_Glomeraceae","Generalists"
"OTU8378","Fungi","Mucoromycota","Glomeromycetes","Glomerales","Glomeraceae","uncl_Glomeraceae","uncl_Glomeraceae","Generalists"
"OTU4652","Fungi","Mucoromycota","Glomeromycetes","uncl_Glomeromycetes","uncl_Glomeromycetes","uncl_Glomeromycetes","uncl_Glomeromycetes","Generalists"
"OTU11896","Fungi","Mucoromycota","Glomeromycetes","Glomerales","Glomeraceae","uncl_Glomeraceae","uncl_Glomeraceae","Generalists"
"OTU3554","Fungi","Ascomycota","Sordariomycetes","Hypocreales","Clavicipitaceae","Metacordyceps","uncl_Metacordyceps","Generalists"
"OTU6429","Fungi","Mucoromycota","Glomeromycetes","uncl_Glomeromycetes","uncl_Glomeromycetes","uncl_Glomeromycetes","uncl_Glomeromycetes","Generalists"
"OTU6495","Fungi","Mucoromycota","Glomeromycetes","Glomerales","Glomeraceae","Kamienskia","uncl_Kamienskia","Generalists"
"OTU6791","Fungi","Mucoromycota","Glomeromycetes","uncl_Glomeromycetes","uncl_Glomeromycetes","uncl_Glomeromycetes","uncl_Glomeromycetes","Generalists"
"OTU10520","Fungi","Mucoromycota","Glomeromycetes","Glomerales","Glomeraceae","uncl_Glomeraceae","uncl_Glomeraceae","Generalists"
"OTU3905","Fungi","Mucoromycota","Glomeromycetes","Glomerales","Glomeraceae","uncl_Glomeraceae","uncl_Glomeraceae","Generalists"
"OTU2773","Fungi","Ascomycota","Dothideomycetes","Pleosporales","Cucurbitariaceae","Pyrenochaeta","uncl_Pyrenochaeta","Generalists"
"OTU4668","Fungi","Mucoromycota","Glomeromycetes","Glomerales","uncl_Glomerales","uncl_Glomerales","uncl_Glomerales","Generalists"
"OTU795","Fungi","Ascomycota","Eurotiomycetes","Chaetothyriales","Herpotrichiellaceae","uncl_Herpotrichiellaceae","uncl_Herpotrichiellaceae","Generalists"
"OTU6131","Fungi","Basidiomycota","Agaricomycetes","Agaricales","uncl_Agaricales","uncl_Agaricales","uncl_Agaricales","Generalists"
"OTU1964","Fungi","Mucoromycota","uncl_Mucoromycota","uncl_Mucoromycota","uncl_Mucoromycota","uncl_Mucoromycota","uncl_Mucoromycota","Generalists"
"OTU3461","Fungi","Mucoromycota","Glomeromycetes","Glomerales","uncl_Glomerales","uncl_Glomerales","uncl_Glomerales","Generalists"
"OTU2755","Fungi","Mucoromycota","Glomeromycetes","uncl_Glomeromycetes","uncl_Glomeromycetes","uncl_Glomeromycetes","uncl_Glomeromycetes","Generalists"
"OTU2549","Fungi","Mucoromycota","uncl_Mucoromycota","uncl_Mucoromycota","uncl_Mucoromycota","uncl_Mucoromycota","uncl_Mucoromycota","Generalists"
"OTU4529","Fungi","Mucoromycota","Glomeromycetes","uncl_Glomeromycetes","uncl_Glomeromycetes","uncl_Glomeromycetes","uncl_Glomeromycetes","Generalists"
"OTU6084","Fungi","Mucoromycota","Glomeromycetes","Glomerales","uncl_Glomerales","uncl_Glomerales","uncl_Glomerales","Generalists"
"OTU3808","Fungi","Mucoromycota","Glomeromycetes","Glomerales","Glomeraceae","Rhizoglomus","uncl_Rhizoglomus","Generalists"
"OTU338","Fungi","Ascomycota","Sordariomycetes","Sordariales","uncl_Sordariales","uncl_Sordariales","uncl_Sordariales","Generalists"
"OTU8171","Fungi","Ascomycota","Sordariomycetes","Hypocreales","Stachybotryaceae","Alfaria","uncl_Alfaria","Generalists"
"OTU2280","Fungi","Ascomycota","Sordariomycetes","Branch06","uncl_Branch06","uncl_Branch06","uncl_Branch06","Generalists"
"OTU4361","Fungi","Ascomycota","Dothideomycetes","Capnodiales","Cladosporiaceae","Toxicocladosporium","uncl_Toxicocladosporium","Generalists"
"OTU1005","Fungi","Ascomycota","Dothideomycetes","Botryosphaeriales","Botryosphaeriaceae","Macrophomina","uncl_Macrophomina","Generalists"
"OTU1388","Fungi","Ascomycota","Sordariomycetes","Trichosphaeriales","Trichosphaeriaceae","Nigrospora","uncl_Nigrospora","Generalists"
"OTU2486","Fungi","Ascomycota","Dothideomycetes","Pleosporales","uncl_Pleosporales","uncl_Pleosporales","uncl_Pleosporales","Generalists"
"OTU914","Fungi","Basidiomycota","Agaricomycetes","Sebacinales","uncl_Sebacinales","uncl_Sebacinales","uncl_Sebacinales","Generalists"
"OTU2912","Fungi","Ascomycota","Sordariomycetes","uncl_Sordariomycetes","uncl_Sordariomycetes","uncl_Sordariomycetes","uncl_Sordariomycetes","Generalists"
"OTU3160","Fungi","Ascomycota","Dothideomycetes","Pleosporales","uncl_Pleosporales","uncl_Pleosporales","uncl_Pleosporales","Generalists"
"OTU2128","Fungi","Ascomycota","Dothideomycetes","Pleosporales","uncl_Pleosporales","uncl_Pleosporales","uncl_Pleosporales","Generalists"
"OTU4077","Fungi","Ascomycota","Dothideomycetes","Pleosporales","Phaeosphaeriaceae","Neosetophoma","uncl_Neosetophoma","Generalists"
"OTU5263","Fungi","Mucoromycota","Glomeromycetes","Glomerales","Glomeraceae","uncl_Glomeraceae","uncl_Glomeraceae","Generalists"
"OTU2377","Fungi","Ascomycota","Sordariomycetes","Branch06","uncl_Branch06","uncl_Branch06","uncl_Branch06","Generalists"
"OTU3304","Fungi","Mucoromycota","Glomeromycetes","Glomerales","Glomeraceae","uncl_Glomeraceae","uncl_Glomeraceae","Generalists"
"OTU2988","Fungi","Mucoromycota","Glomeromycetes","Glomerales","Glomeraceae","uncl_Glomeraceae","uncl_Glomeraceae","Generalists"
"OTU6150","Fungi","Ascomycota","uncl_Ascomycota","uncl_Ascomycota","uncl_Ascomycota","uncl_Ascomycota","uncl_Ascomycota","Generalists"
"OTU8565","Fungi","Ascomycota","Dothideomycetes","uncl_Dothideomycetes","uncl_Dothideomycetes","uncl_Dothideomycetes","uncl_Dothideomycetes","Generalists"
"OTU3630","Fungi","Ascomycota","Dothideomycetes","Pleosporales","uncl_Pleosporales","uncl_Pleosporales","uncl_Pleosporales","Generalists"
"OTU3513","Fungi","Mucoromycota","Glomeromycetes","Glomerales","Glomeraceae","Dominikia","uncl_Dominikia","Generalists"
"OTU5766","Fungi","Mucoromycota","Glomeromycetes","Glomerales","Glomeraceae","uncl_Glomeraceae","uncl_Glomeraceae","Generalists"
"OTU430","Fungi","Ascomycota","uncl_Ascomycota","uncl_Ascomycota","uncl_Ascomycota","uncl_Ascomycota","uncl_Ascomycota","Generalists"
"OTU1677","Fungi","Ascomycota","Dothideomycetes","Pleosporales","uncl_Pleosporales","uncl_Pleosporales","uncl_Pleosporales","Generalists"
"OTU3009","Fungi","Mucoromycota","uncl_Mucoromycota","uncl_Mucoromycota","uncl_Mucoromycota","uncl_Mucoromycota","uncl_Mucoromycota","Generalists"
"OTU4512","Fungi","Zoopagomycota","Ramicandelaberomycetes","Ramicandelaberales","Ramicandelaberaceae","Ramicandelaber","uncl_Ramicandelaber","Generalists"
"OTU3903","Fungi","Mucoromycota","Glomeromycetes","uncl_Glomeromycetes","uncl_Glomeromycetes","uncl_Glomeromycetes","uncl_Glomeromycetes","Generalists"
"OTU8406","Fungi","Mucoromycota","Glomeromycetes","Glomerales","Glomeraceae","uncl_Glomeraceae","uncl_Glomeraceae","Generalists"
"OTU7954","Fungi","Mucoromycota","Glomeromycetes","Glomerales","Glomeraceae","uncl_Glomeraceae","uncl_Glomeraceae","Generalists"
"OTU136","Fungi","Ascomycota","Sordariomycetes","Sordariales","uncl_Sordariales","uncl_Sordariales","uncl_Sordariales","Generalists"
"OTU11817","Fungi","Ascomycota","Sordariomycetes","Sordariales","uncl_Sordariales","uncl_Sordariales","uncl_Sordariales","Generalists"
"OTU412","Fungi","Ascomycota","Sordariomycetes","Hypocreales","uncl_Hypocreales","uncl_Hypocreales","uncl_Hypocreales","Generalists"
"OTU134","Fungi","Ascomycota","Sordariomycetes","Sordariales","uncl_Sordariales","uncl_Sordariales","uncl_Sordariales","Generalists"
"OTU7223","Fungi","Chytridiomycota","Rhizophydiomycetes","Rhizophydiales","uncl_Rhizophydiales","uncl_Rhizophydiales","uncl_Rhizophydiales","Generalists"
"OTU10747","Fungi","Ascomycota","Sordariomycetes","Hypocreales","uncl_Hypocreales","uncl_Hypocreales","uncl_Hypocreales","Generalists"
"OTU4567","Fungi","Ascomycota","Sordariomycetes","Sordariales","uncl_Sordariales","uncl_Sordariales","uncl_Sordariales","Generalists"
"OTU5994","Fungi","Mucoromycota","Glomeromycetes","uncl_Glomeromycetes","uncl_Glomeromycetes","uncl_Glomeromycetes","uncl_Glomeromycetes","Generalists"
"OTU384","Fungi","Ascomycota","Sordariomycetes","Hypocreales","uncl_Hypocreales","uncl_Hypocreales","uncl_Hypocreales","Generalists"
"OTU13072","Fungi","Ascomycota","Sordariomycetes","Sordariales","uncl_Sordariales","uncl_Sordariales","uncl_Sordariales","Generalists"
"OTU10845","Fungi","Ascomycota","uncl_Ascomycota","uncl_Ascomycota","uncl_Ascomycota","uncl_Ascomycota","uncl_Ascomycota","Generalists"
"OTU5013","Fungi","Ascomycota","Dothideomycetes","Pleosporales","Pleosporaceae","uncl_Pleosporaceae","uncl_Pleosporaceae","Generalists"
"OTU7387","Fungi","Ascomycota","Sordariomycetes","Hypocreales","Stachybotryaceae","uncl_Stachybotryaceae","uncl_Stachybotryaceae","Generalists"
"OTU10723","Fungi","Ascomycota","uncl_Ascomycota","uncl_Ascomycota","uncl_Ascomycota","uncl_Ascomycota","uncl_Ascomycota","Generalists"
"OTU2290","Fungi","Ascomycota","Orbiliomycetes","Orbiliales","uncl_Orbiliales","uncl_Orbiliales","uncl_Orbiliales","Generalists"
"OTU7568","Fungi","Ascomycota","Sordariomycetes","Trichosphaeriales","Trichosphaeriaceae","Nigrospora","uncl_Nigrospora","Generalists"
"OTU4540","Fungi","Mucoromycota","uncl_Mucoromycota","uncl_Mucoromycota","uncl_Mucoromycota","uncl_Mucoromycota","uncl_Mucoromycota","Generalists"
"OTU5548","Fungi","Mucoromycota","Glomeromycetes","Glomerales","Glomeraceae","uncl_Glomeraceae","uncl_Glomeraceae","Generalists"
"OTU298","Fungi","Ascomycota","Eurotiomycetes","Chaetothyriales","uncl_Chaetothyriales","uncl_Chaetothyriales","uncl_Chaetothyriales","Generalists"
"OTU5641","Fungi","Ascomycota","Eurotiomycetes","Onygenales","uncl_Onygenales","uncl_Onygenales","uncl_Onygenales","Generalists"
"OTU11033","Fungi","Ascomycota","Dothideomycetes","Pleosporales","Pleosporaceae","Curvularia","uncl_Curvularia","Generalists"
"OTU7210","Fungi","Mucoromycota","Glomeromycetes","Glomerales","Glomeraceae","uncl_Glomeraceae","uncl_Glomeraceae","Generalists"
"OTU7296","Fungi","Mucoromycota","Glomeromycetes","Glomerales","Glomeraceae","uncl_Glomeraceae","uncl_Glomeraceae","Generalists"
"OTU11964","Fungi","Mucoromycota","Glomeromycetes","Glomerales","Glomeraceae","uncl_Glomeraceae","uncl_Glomeraceae","Generalists"
"OTU6571","Fungi","Ascomycota","Eurotiomycetes","Chaetothyriales","uncl_Chaetothyriales","uncl_Chaetothyriales","uncl_Chaetothyriales","Generalists"
"OTU6634","Fungi","Ascomycota","Sordariomycetes","Hypocreales","Nectriaceae","uncl_Nectriaceae","uncl_Nectriaceae","Generalists"
"OTU250","Fungi","Basidiomycota","Agaricomycetes","Agaricales","Nidulariaceae","Cyathus","Cyathus_stercoreus","Generalists"
"OTU5498","Fungi","Ascomycota","Sordariomycetes","Hypocreales","Nectriaceae","Fusarium","uncl_Fusarium","Generalists"
"OTU10563","Fungi","Mucoromycota","Glomeromycetes","Glomerales","uncl_Glomerales","uncl_Glomerales","uncl_Glomerales","Generalists"
"OTU6052","Fungi","Ascomycota","Sordariomycetes","Myrmecridiales","Myrmecridiaceae","Myrmecridium","uncl_Myrmecridium","Generalists"
"OTU9207","Fungi","Ascomycota","Dothideomycetes","Pleosporales","Pleosporaceae","Bipolaris","uncl_Bipolaris","Generalists"
"OTU10195","Fungi","Ascomycota","Sordariomycetes","uncl_Sordariomycetes","uncl_Sordariomycetes","uncl_Sordariomycetes","uncl_Sordariomycetes","Generalists"
"OTU6843","Fungi","Ascomycota","Eurotiomycetes","uncl_Eurotiomycetes","uncl_Eurotiomycetes","uncl_Eurotiomycetes","uncl_Eurotiomycetes","Generalists"
"OTU2193","Fungi","Basidiomycota","Agaricomycetes","uncl_Agaricomycetes","uncl_Agaricomycetes","uncl_Agaricomycetes","uncl_Agaricomycetes","Generalists"
"OTU1516","Fungi","Ascomycota","Dothideomycetes","Pleosporales","Cucurbitariaceae","Pyrenochaetopsis","uncl_Pyrenochaetopsis","Generalists"
"OTU12367","Fungi","Ascomycota","Dothideomycetes","Pleosporales","uncl_Pleosporales","uncl_Pleosporales","uncl_Pleosporales","Generalists"
"OTU4541","Fungi","Mucoromycota","uncl_Mucoromycota","uncl_Mucoromycota","uncl_Mucoromycota","uncl_Mucoromycota","uncl_Mucoromycota","Generalists"
"OTU5693","Fungi","Ascomycota","Eurotiomycetes","Onygenales","uncl_Onygenales","uncl_Onygenales","uncl_Onygenales","Generalists"
"OTU4479","Fungi","Ascomycota","Sordariomycetes","Glomerellales","uncl_Glomerellales","uncl_Glomerellales","uncl_Glomerellales","Generalists"
"OTU4608","Fungi","Ascomycota","Dothideomycetes","Pleosporales","Didymosphaeriaceae","Paraphaeosphaeria","uncl_Paraphaeosphaeria","Generalists"
"OTU5720","Fungi","Ascomycota","Sordariomycetes","uncl_Sordariomycetes","uncl_Sordariomycetes","uncl_Sordariomycetes","uncl_Sordariomycetes","Generalists"
"OTU4213","Fungi","Mucoromycota","Mortierellomycetes","Mortierellales","Mortierellaceae","uncl_Mortierellaceae","uncl_Mortierellaceae","Generalists"
"OTU8153","Fungi","Ascomycota","Sordariomycetes","Hypocreales","Clavicipitaceae","Keithomyces","Keithomyces_indicus","Generalists"
"OTU9189","Fungi","Ascomycota","Sordariomycetes","uncl_Sordariomycetes","uncl_Sordariomycetes","uncl_Sordariomycetes","uncl_Sordariomycetes","Generalists"
