"","Taxa","Occurrence","Domain","Phylum","Class","Order","Family","Genus"
"OTU17","OTU17",0.697674418604651,"Bacteria","Actinobacteria","Actinobacteria","Micrococcales","Promicromonosporaceae","Promicromonospora"
"OTU5","OTU5",1,"Bacteria","Actinobacteria","Actinobacteria","Streptomycetales","Streptomycetaceae","Streptomyces"
"OTU31","OTU31",1,"Bacteria","Actinobacteria","Actinobacteria","Micromonosporales","Micromonosporaceae","uncl_Micromonosporaceae"
"OTU71","OTU71",1,"Bacteria","Proteobacteria","Deltaproteobacteria","Myxococcales","uncl_Myxococcales","uncl_Myxococcales"
"OTU61","OTU61",1,"Bacteria","Actinobacteria","Actinobacteria","Micromonosporales","Micromonosporaceae","Virgisporangium"
"OTU3","OTU3",1,"Bacteria","Actinobacteria","Actinobacteria","Pseudonocardiales","Pseudonocardiaceae","uncl_Pseudonocardiaceae"
"OTU4781","OTU4781",0.848837209302326,"Bacteria","Acidobacteria","Acidobacteria_Gp6","uncl_Acidobacteria_Gp6","uncl_Acidobacteria_Gp6","uncl_Acidobacteria_Gp6"
"OTU49","OTU49",1,"Bacteria","Actinobacteria","Actinobacteria","Mycobacteriales","Mycobacteriaceae","Mycobacterium"
"OTU43","OTU43",1,"Bacteria","Actinobacteria","Actinobacteria","Pseudonocardiales","Pseudonocardiaceae","Pseudonocardia"
"OTU138","OTU138",1,"Bacteria","Bacteroidetes","Cytophagia","Cytophagales","Fulvivirgaceae","Chryseolinea"
"OTU77","OTU77",1,"Bacteria","Actinobacteria","Actinobacteria","Propionibacteriales","Nocardioidaceae","Aeromicrobium"
"OTU83440","OTU83440",1,"Bacteria","Proteobacteria","Alphaproteobacteria","Rhizobiales","Devosiaceae","Devosia"
"OTU8308","OTU8308",0.244186046511628,"Bacteria","Proteobacteria","Alphaproteobacteria","Sphingomonadales","Erythrobacteraceae","Altererythrobacter"
"OTU13","OTU13",1,"Bacteria","Proteobacteria","Alphaproteobacteria","Rhizobiales","uncl_Rhizobiales","uncl_Rhizobiales"
"OTU62369","OTU62369",0.732558139534884,"Bacteria","Proteobacteria","Alphaproteobacteria","Rhizobiales","Hyphomicrobiaceae","Hyphomicrobium"
"OTU22643","OTU22643",0.0813953488372093,"Bacteria","Actinobacteria","Thermoleophilia","Solirubrobacterales","Conexibacteraceae","uncl_Conexibacteraceae"
"OTU46","OTU46",1,"Bacteria","Actinobacteria","Actinobacteria","Micrococcales","Microbacteriaceae","uncl_Microbacteriaceae"
"OTU53","OTU53",1,"Bacteria","Proteobacteria","Betaproteobacteria","Burkholderiales","Comamonadaceae","uncl_Comamonadaceae"
"OTU3570","OTU3570",0.0232558139534884,"Bacteria","Actinobacteria","Actinobacteria","Mycobacteriales","Segniliparaceae","Segniliparus"
"OTU116","OTU116",0.988372093023256,"Bacteria","Bacteroidetes","Chitinophagia","Chitinophagales","Chitinophagaceae","Terrimonas"
"OTU189","OTU189",1,"Bacteria","Proteobacteria","Gammaproteobacteria","uncl_Gammaproteobacteria","uncl_Gammaproteobacteria","uncl_Gammaproteobacteria"
"OTU12","OTU12",0.988372093023256,"Bacteria","Proteobacteria","Gammaproteobacteria","Nevskiales","Steroidobacteraceae","Steroidobacter"
"OTU36547","OTU36547",1,"Bacteria","Proteobacteria","Alphaproteobacteria","Caulobacterales","Caulobacteraceae","Phenylobacterium"
"OTU552","OTU552",0.895348837209302,"Bacteria","Actinobacteria","Actinobacteria","Geodermatophilales","Geodermatophilaceae","Blastococcus"
"OTU79","OTU79",0.825581395348837,"Bacteria","Proteobacteria","Alphaproteobacteria","Rhizobiales","Phyllobacteriaceae","Phyllobacterium"
"OTU28","OTU28",1,"Bacteria","Actinobacteria","Actinobacteria","Kineosporiales","Kineosporiaceae","uncl_Kineosporiaceae"
"OTU515","OTU515",0.36046511627907,"Bacteria","Actinobacteria","Actinobacteria","Glycomycetales","Glycomycetaceae","Glycomyces"
"OTU65","OTU65",0.86046511627907,"Bacteria","Proteobacteria","Gammaproteobacteria","Xanthomonadales","Xanthomonadaceae","uncl_Xanthomonadaceae"
"OTU683","OTU683",1,"Bacteria","Actinobacteria","Thermoleophilia","Solirubrobacterales","uncl_Solirubrobacterales","uncl_Solirubrobacterales"
"OTU124","OTU124",0.802325581395349,"Bacteria","Actinobacteria","Acidimicrobiia","Acidimicrobiales","Iamiaceae","Iamia"
"OTU252","OTU252",1,"Bacteria","Proteobacteria","Betaproteobacteria","Burkholderiales","Oxalobacteraceae","Massilia"
"OTU62","OTU62",0.651162790697674,"Bacteria","Proteobacteria","Gammaproteobacteria","Xanthomonadales","Xanthomonadaceae","Pseudoxanthomonas"
"OTU54","OTU54",1,"Bacteria","Proteobacteria","Alphaproteobacteria","Sphingomonadales","Erythrobacteraceae","uncl_Erythrobacteraceae"
"OTU56102","OTU56102",0.779069767441861,"Bacteria","Actinobacteria","Actinobacteria","Micrococcales","Microbacteriaceae","Microbacterium"
"OTU10","OTU10",1,"Bacteria","Proteobacteria","Alphaproteobacteria","Sphingomonadales","Sphingomonadaceae","Sphingomonas"
"OTU180","OTU180",0.837209302325581,"Bacteria","Actinobacteria","Actinobacteria","Streptosporangiales","Thermomonosporaceae","Actinomadura"
"OTU108","OTU108",1,"Bacteria","Acidobacteria","Acidobacteria_Gp16","uncl_Acidobacteria_Gp16","uncl_Acidobacteria_Gp16","Gp16"
"OTU60","OTU60",0.813953488372093,"Bacteria","Actinobacteria","Actinobacteria","Micrococcales","Micrococcaceae","uncl_Micrococcaceae"
"OTU37","OTU37",1,"Bacteria","Proteobacteria","Alphaproteobacteria","Rhizobiales","Phyllobacteriaceae","Mesorhizobium"
"OTU24","OTU24",0.988372093023256,"Bacteria","Proteobacteria","Alphaproteobacteria","Rhizobiales","Methylobacteriaceae","Microvirga"
"OTU82","OTU82",0.848837209302326,"Bacteria","Proteobacteria","Betaproteobacteria","Burkholderiales","Comamonadaceae","Variovorax"
"OTU178","OTU178",0.930232558139535,"Bacteria","Proteobacteria","Gammaproteobacteria","Xanthomonadales","uncl_Xanthomonadales","uncl_Xanthomonadales"
"OTU88","OTU88",1,"Bacteria","Acidobacteria","Acidobacteria_Gp6","uncl_Acidobacteria_Gp6","uncl_Acidobacteria_Gp6","Gp6"
"OTU4","OTU4",1,"Bacteria","Proteobacteria","Alphaproteobacteria","Rhizobiales","Bradyrhizobiaceae","Bradyrhizobium"
"OTU100090","OTU100090",0.918604651162791,"Bacteria","Acidobacteria","Vicinamibacteria","uncl_Vicinamibacteria","uncl_Vicinamibacteria","uncl_Vicinamibacteria"
"OTU1009","OTU1009",0.244186046511628,"Bacteria","Proteobacteria","Deltaproteobacteria","Myxococcales","Kofleriaceae","Kofleria"
"OTU724","OTU724",0.813953488372093,"Bacteria","Proteobacteria","Deltaproteobacteria","Myxococcales","Cystobacteraceae","uncl_Cystobacteraceae"
"OTU51","OTU51",1,"Bacteria","Actinobacteria","Actinobacteria","Propionibacteriales","Kribbellaceae","Kribbella"
"OTU161","OTU161",1,"Bacteria","Actinobacteria","Actinobacteria","Propionibacteriales","Nocardioidaceae","Nocardioides"
"OTU15","OTU15",0.976744186046512,"Bacteria","Actinobacteria","Actinobacteria","Micromonosporales","Micromonosporaceae","Dactylosporangium"
"OTU42","OTU42",0.848837209302326,"Bacteria","Actinobacteria","Actinobacteria","Pseudonocardiales","Pseudonocardiaceae","Kibdelosporangium"
"OTU30","OTU30",0.965116279069767,"Bacteria","Proteobacteria","Alphaproteobacteria","Caulobacterales","Caulobacteraceae","Caulobacter"
"OTU212","OTU212",0.755813953488372,"Bacteria","Actinobacteria","Acidimicrobiia","Acidimicrobiales","Iamiaceae","Actinomarinicola"
"OTU205","OTU205",0.918604651162791,"Bacteria","Proteobacteria","Alphaproteobacteria","Rhizobiales","Hyphomicrobiaceae","uncl_Hyphomicrobiaceae"
"OTU151","OTU151",1,"Bacteria","Proteobacteria","Betaproteobacteria","Burkholderiales","uncl_Burkholderiales","uncl_Burkholderiales"
"OTU200","OTU200",0.941860465116279,"Bacteria","Acidobacteria","Blastocatellia","Blastocatellales","Blastocatellaceae","Stenotrophobacter"
"OTU633","OTU633",0.418604651162791,"Bacteria","Actinobacteria","Actinobacteria","Micrococcales","Cellulomonadaceae","Cellulomonas"
"OTU225","OTU225",1,"Bacteria","Acidobacteria","Acidobacteria_Gp3","uncl_Acidobacteria_Gp3","uncl_Acidobacteria_Gp3","Gp3"
"OTU211","OTU211",1,"Bacteria","Actinobacteria","Thermoleophilia","Solirubrobacterales","Solirubrobacteraceae","Solirubrobacter"
"OTU29","OTU29",0.883720930232558,"Bacteria","Proteobacteria","Alphaproteobacteria","Rhodospirillales","Rhodospirillaceae","Dongia"
"OTU9686","OTU9686",0.744186046511628,"Bacteria","Actinobacteria","Actinobacteria","Pseudonocardiales","Pseudonocardiaceae","Saccharothrix"
"OTU1299","OTU1299",0.441860465116279,"Bacteria","Actinobacteria","Actinobacteria","Pseudonocardiales","Pseudonocardiaceae","Actinomycetospora"
"OTU925","OTU925",1,"Bacteria","Acidobacteria","uncl_Acidobacteria","uncl_Acidobacteria","uncl_Acidobacteria","uncl_Acidobacteria"
"OTU542","OTU542",0.895348837209302,"Bacteria","Actinobacteria","Thermoleophilia","Solirubrobacterales","Parviterribacteraceae","uncl_Parviterribacteraceae"
"OTU1645","OTU1645",0.720930232558139,"Bacteria","Bacteroidetes","Sphingobacteriia","Sphingobacteriales","Sphingobacteriaceae","Pedobacter"
"OTU5597","OTU5597",0.0465116279069767,"Bacteria","Bacteroidetes","Flavobacteriia","Flavobacteriales","Flavobacteriaceae","uncl_Flavobacteriaceae"
"OTU8","OTU8",0.918604651162791,"Bacteria","Actinobacteria","Actinobacteria","Pseudonocardiales","Pseudonocardiaceae","Amycolatopsis"
"OTU68","OTU68",1,"Bacteria","Actinobacteria","Acidimicrobiia","Acidimicrobiales","uncl_Acidimicrobiales","uncl_Acidimicrobiales"
"OTU1403","OTU1403",0.558139534883721,"Bacteria","Actinobacteria","Thermoleophilia","Solirubrobacterales","Parviterribacteraceae","Parviterribacter"
"OTU83508","OTU83508",0.313953488372093,"Bacteria","Proteobacteria","Gammaproteobacteria","Gammaproteobacteria_incertae_sedis","uncl_Gammaproteobacteria_incertae_sedis","uncl_Gammaproteobacteria_incertae_sedis"
"OTU278","OTU278",1,"Bacteria","Bacteroidetes","Chitinophagia","Chitinophagales","Chitinophagaceae","Flavitalea"
"OTU1293","OTU1293",0.395348837209302,"Bacteria","Bacteroidetes","Sphingobacteriia","Sphingobacteriales","Sphingobacteriaceae","Daejeonella"
"OTU295","OTU295",0.872093023255814,"Bacteria","Proteobacteria","Gammaproteobacteria","Xanthomonadales","Xanthomonadaceae","Lysobacter"
"OTU235","OTU235",1,"Bacteria","Actinobacteria","Acidimicrobiia","uncl_Acidimicrobiia","uncl_Acidimicrobiia","uncl_Acidimicrobiia"
"OTU131","OTU131",1,"Bacteria","Acidobacteria","Blastocatellia","Blastocatellales","Blastocatellaceae","Aridibacter"
"OTU3501","OTU3501",0.511627906976744,"Bacteria","Proteobacteria","Betaproteobacteria","Burkholderiales","Comamonadaceae","Polaromonas"
"OTU198","OTU198",0.872093023255814,"Bacteria","Actinobacteria","Acidimicrobiia","Acidimicrobiales","Ilumatobacteraceae","Desertimonas"
"OTU606","OTU606",0.976744186046512,"Bacteria","Acidobacteria","Acidobacteria_Gp10","uncl_Acidobacteria_Gp10","uncl_Acidobacteria_Gp10","Gp10"
"OTU7","OTU7",0.988372093023256,"Bacteria","Proteobacteria","Alphaproteobacteria","Rhizobiales","Rhizobiaceae","Rhizobium"
"OTU202","OTU202",0.872093023255814,"Bacteria","Proteobacteria","Alphaproteobacteria","Rhizobiales","Bradyrhizobiaceae","Pseudorhodoplanes"
"OTU8767","OTU8767",0.0697674418604651,"Bacteria","Proteobacteria","Alphaproteobacteria","Rhizobiales","Methylocystaceae","Methylocystis"
"OTU1852","OTU1852",1,"Bacteria","Proteobacteria","uncl_Proteobacteria","uncl_Proteobacteria","uncl_Proteobacteria","uncl_Proteobacteria"
"OTU37060","OTU37060",1,"Bacteria","Proteobacteria","Alphaproteobacteria","Rhizobiales","Rhizobiaceae","uncl_Rhizobiaceae"
"OTU761","OTU761",0.476744186046512,"Bacteria","Proteobacteria","Alphaproteobacteria","Sphingomonadales","Sphingosinicellaceae","Sphingoaurantiacus"
"OTU171","OTU171",0.988372093023256,"Bacteria","Bacteroidetes","Cytophagia","Cytophagales","Fulvivirgaceae","Ohtaekwangia"
"OTU69","OTU69",0.976744186046512,"Bacteria","Actinobacteria","Actinobacteria","Cryptosporangiales","Cryptosporangiaceae","Cryptosporangium"
"OTU1775","OTU1775",0.174418604651163,"Bacteria","Actinobacteria","Actinobacteria","Propionibacteriales","Propionibacteriaceae","uncl_Propionibacteriaceae"
"OTU221","OTU221",0.709302325581395,"Bacteria","Proteobacteria","Alphaproteobacteria","Rhizobiales","Devosiaceae","uncl_Devosiaceae"
"OTU36","OTU36",1,"Bacteria","Proteobacteria","Gammaproteobacteria","Gammaproteobacteria_incertae_sedis","uncl_Gammaproteobacteria_incertae_sedis","Acidibacter"
"OTU179","OTU179",1,"Bacteria","Actinobacteria","uncl_Actinobacteria","uncl_Actinobacteria","uncl_Actinobacteria","uncl_Actinobacteria"
"OTU2443","OTU2443",0.709302325581395,"Bacteria","Bacteroidetes","Sphingobacteriia","Sphingobacteriales","Sphingobacteriaceae","uncl_Sphingobacteriaceae"
"OTU1817","OTU1817",0.744186046511628,"Bacteria","Bacteroidetes","Chitinophagia","Chitinophagales","Chitinophagaceae","Flavisolibacter"
"OTU148","OTU148",0.988372093023256,"Bacteria","Bacteroidetes","Chitinophagia","Chitinophagales","Chitinophagaceae","Chitinophaga"
"OTU384","OTU384",0.976744186046512,"Bacteria","Bacteroidetes","Sphingobacteriia","Sphingobacteriales","Sphingobacteriaceae","Mucilaginibacter"
"OTU419","OTU419",0.662790697674419,"Bacteria","Planctomycetes","Planctomycetacia","Pirellulales","Lacipirellulaceae","Lacipirellula"
"OTU51482","OTU51482",1,"Bacteria","Actinobacteria","Actinobacteria","Pseudonocardiales","Pseudonocardiaceae","Actinophytocola"
"OTU23","OTU23",1,"Bacteria","Proteobacteria","Alphaproteobacteria","Rhizobiales","Bradyrhizobiaceae","uncl_Bradyrhizobiaceae"
"OTU6615","OTU6615",0.418604651162791,"Bacteria","Proteobacteria","Alphaproteobacteria","Rhizobiales","Rhizobiaceae","Shinella"
"OTU83","OTU83",0.930232558139535,"Bacteria","Proteobacteria","Alphaproteobacteria","Rhizobiales","Boseaceae","Bosea"
"OTU1261","OTU1261",0.209302325581395,"Bacteria","Proteobacteria","Alphaproteobacteria","Rhizobiales","Phreatobacteraceae","Phreatobacter"
"OTU2160","OTU2160",0.63953488372093,"Bacteria","Bacteroidetes","Chitinophagia","Chitinophagales","Chitinophagaceae","Ferruginibacter"
"OTU2751","OTU2751",0.825581395348837,"Bacteria","Gemmatimonadetes","Gemmatimonadetes","Gemmatimonadales","uncl_Gemmatimonadales","uncl_Gemmatimonadales"
"OTU21794","OTU21794",0.395348837209302,"Bacteria","Actinobacteria","Thermoleophilia","Solirubrobacterales","Conexibacteraceae","Conexibacter"
"OTU3288","OTU3288",0.27906976744186,"Bacteria","Rhodothermaeota","Rhodothermia","Rhodothermales","uncl_Rhodothermales","uncl_Rhodothermales"
"OTU166","OTU166",0.976744186046512,"Bacteria","Proteobacteria","Alphaproteobacteria","uncl_Alphaproteobacteria","uncl_Alphaproteobacteria","uncl_Alphaproteobacteria"
"OTU230","OTU230",1,"Bacteria","Acidobacteria","Blastocatellia","Blastocatellales","Arenimicrobiaceae","Arenimicrobium"
"OTU92","OTU92",0.906976744186046,"Bacteria","Acidobacteria","Vicinamibacteria","Vicinamibacterales","Vicinamibacteraceae","uncl_Vicinamibacteraceae"
"OTU302","OTU302",1,"Bacteria","Proteobacteria","Deltaproteobacteria","uncl_Deltaproteobacteria","uncl_Deltaproteobacteria","uncl_Deltaproteobacteria"
"OTU184","OTU184",0.988372093023256,"Bacteria","Proteobacteria","Alphaproteobacteria","Caulobacterales","Caulobacteraceae","uncl_Caulobacteraceae"
"OTU57515","OTU57515",1,"Bacteria","Proteobacteria","Alphaproteobacteria","Sphingomonadales","Sphingomonadaceae","uncl_Sphingomonadaceae"
"OTU978","OTU978",0.988372093023256,"Bacteria","Gemmatimonadetes","Gemmatimonadetes","Gemmatimonadales","Gemmatimonadaceae","uncl_Gemmatimonadaceae"
"OTU158","OTU158",0.965116279069767,"Bacteria","Proteobacteria","Alphaproteobacteria","Rhodospirillales","Acetobacteraceae","uncl_Acetobacteraceae"
"OTU376","OTU376",0.651162790697674,"Bacteria","Actinobacteria","Actinobacteria","Propionibacteriales","Nocardioidaceae","Marmoricola"
"OTU98","OTU98",1,"Bacteria","Bacteroidetes","Cytophagia","Cytophagales","Fulvivirgaceae","uncl_Fulvivirgaceae"
"OTU284","OTU284",0.744186046511628,"Bacteria","Proteobacteria","Alphaproteobacteria","Rhizobiales","Methylobacteriaceae","uncl_Methylobacteriaceae"
"OTU172","OTU172",0.848837209302326,"Bacteria","Actinobacteria","Actinobacteria","Micrococcales","Microbacteriaceae","Agromyces"
"OTU354","OTU354",0.988372093023256,"Bacteria","Proteobacteria","Betaproteobacteria","Burkholderiales","Comamonadaceae","Ramlibacter"
"OTU81","OTU81",0.930232558139535,"Bacteria","Actinobacteria","Thermoleophilia","Gaiellales","Gaiellaceae","Gaiella"
"OTU2819","OTU2819",0.802325581395349,"Bacteria","Planctomycetes","Planctomycetacia","uncl_Planctomycetacia","uncl_Planctomycetacia","uncl_Planctomycetacia"
"OTU192","OTU192",0.965116279069767,"Bacteria","Actinobacteria","Rubrobacteria","Rubrobacterales","Rubrobacteraceae","Rubrobacter"
"OTU153","OTU153",0.953488372093023,"Bacteria","Proteobacteria","Alphaproteobacteria","Rhizobiales","Xanthobacteraceae","Labrys"
"OTU374","OTU374",0.813953488372093,"Bacteria","Acidobacteria","Blastocatellia","Blastocatellales","Blastocatellaceae","Blastocatella"
"OTU15809","OTU15809",0.906976744186046,"Bacteria","Actinobacteria","Actinobacteria","Pseudonocardiales","Pseudonocardiaceae","Lentzea"
"OTU220","OTU220",0.686046511627907,"Bacteria","Proteobacteria","Alphaproteobacteria","Caulobacterales","Caulobacteraceae","Brevundimonas"
"OTU3509","OTU3509",0.627906976744186,"Bacteria","Planctomycetes","uncl_Planctomycetes","uncl_Planctomycetes","uncl_Planctomycetes","uncl_Planctomycetes"
"OTU1216","OTU1216",1,"Bacteria","candidate_division_WPS-1","uncl_candidate_division_WPS-1","uncl_candidate_division_WPS-1","uncl_candidate_division_WPS-1","WPS-1_genera_incertae_sedis"
"OTU56655","OTU56655",0.267441860465116,"Bacteria","Bacteroidetes","Chitinophagia","Chitinophagales","uncl_Chitinophagales","uncl_Chitinophagales"
"OTU927","OTU927",0.616279069767442,"Bacteria","Actinobacteria","Actinobacteria","Propionibacteriales","uncl_Propionibacteriales","uncl_Propionibacteriales"
"OTU7334","OTU7334",0.558139534883721,"Bacteria","Actinobacteria","Actinobacteria","Geodermatophilales","Geodermatophilaceae","Modestobacter"
"OTU97829","OTU97829",1,"Bacteria","Proteobacteria","Gammaproteobacteria","Nevskiales","Steroidobacteraceae","uncl_Steroidobacteraceae"
"OTU72","OTU72",1,"Bacteria","Proteobacteria","Deltaproteobacteria","Myxococcales","Polyangiaceae","uncl_Polyangiaceae"
"OTU2532","OTU2532",0.662790697674419,"Bacteria","Actinobacteria","Actinobacteria","Geodermatophilales","Geodermatophilaceae","Geodermatophilus"
"OTU1039","OTU1039",0.744186046511628,"Bacteria","Proteobacteria","Alphaproteobacteria","Rhodospirillales","Geminicoccaceae","uncl_Geminicoccaceae"
"OTU155","OTU155",1,"Bacteria","Bacteroidetes","Cytophagia","uncl_Cytophagia","uncl_Cytophagia","uncl_Cytophagia"
"OTU1568","OTU1568",0.906976744186046,"Bacteria","Bacteroidetes","Flavobacteriia","Flavobacteriales","Flavobacteriaceae","Flavobacterium"
"OTU130","OTU130",0.802325581395349,"Bacteria","Actinobacteria","Actinobacteria","Streptosporangiales","Streptosporangiaceae","Nonomuraea"
"OTU991","OTU991",0.697674418604651,"Bacteria","Planctomycetes","Planctomycetacia","Planctomycetales","Gemmataceae","Fimbriiglobus"
"OTU514","OTU514",0.534883720930233,"Bacteria","Proteobacteria","Betaproteobacteria","Burkholderiales","Comamonadaceae","Piscinibacter"
"OTU487","OTU487",0.988372093023256,"Bacteria","Acidobacteria","Blastocatellia","Blastocatellales","Blastocatellaceae","uncl_Blastocatellaceae"
"OTU56","OTU56",0.848837209302326,"Bacteria","Bacteroidetes","Cytophagia","Cytophagales","Cytophagaceae","Dyadobacter"
"OTU1177","OTU1177",0.965116279069767,"Bacteria","Acidobacteria","Acidobacteria_Gp4","uncl_Acidobacteria_Gp4","uncl_Acidobacteria_Gp4","uncl_Acidobacteria_Gp4"
"OTU1107","OTU1107",0.848837209302326,"Bacteria","Gemmatimonadetes","uncl_Gemmatimonadetes","uncl_Gemmatimonadetes","uncl_Gemmatimonadetes","uncl_Gemmatimonadetes"
"OTU89","OTU89",0.906976744186046,"Bacteria","Acidobacteria","Acidobacteria_Gp17","uncl_Acidobacteria_Gp17","uncl_Acidobacteria_Gp17","Gp17"
"OTU14","OTU14",0.953488372093023,"Bacteria","Proteobacteria","Alphaproteobacteria","Rhodospirillales","Rhodospirillaceae","uncl_Rhodospirillaceae"
"OTU974","OTU974",0.895348837209302,"Bacteria","Acidobacteria","Acidobacteria_Gp16","uncl_Acidobacteria_Gp16","uncl_Acidobacteria_Gp16","uncl_Acidobacteria_Gp16"
"OTU11832","OTU11832",0.0697674418604651,"Bacteria","Proteobacteria","Oligoflexia","Bacteriovoracales","Bacteriovoracaceae","uncl_Bacteriovoracaceae"
"OTU112","OTU112",1,"Bacteria","Bacteroidetes","Chitinophagia","Chitinophagales","Chitinophagaceae","uncl_Chitinophagaceae"
"OTU379","OTU379",0.593023255813954,"Bacteria","Proteobacteria","Alphaproteobacteria","Sphingomonadales","Sphingomonadaceae","Sphingobium"
"OTU6578","OTU6578",0.686046511627907,"Bacteria","Armatimonadetes","uncl_Armatimonadetes","uncl_Armatimonadetes","uncl_Armatimonadetes","Armatimonadetes_gp4"
"OTU63","OTU63",0.848837209302326,"Bacteria","Proteobacteria","Alphaproteobacteria","Rhizobiales","Methylobacteriaceae","Methylobacterium"
"OTU144","OTU144",0.988372093023256,"Bacteria","Proteobacteria","Gammaproteobacteria","Nevskiales","Steroidobacteraceae","Povalibacter"
"OTU18652","OTU18652",0.0116279069767442,"Bacteria","Deinococcus-Thermus","Deinococci","Trueperales","Trueperaceae","Truepera"
"OTU1433","OTU1433",0.209302325581395,"Bacteria","Proteobacteria","Alphaproteobacteria","Rhizobiales","Bradyrhizobiaceae","Variibacter"
"OTU50","OTU50",0.744186046511628,"Bacteria","Proteobacteria","Alphaproteobacteria","Rhodospirillales","Rhodospirillaceae","Inquilinus"
"OTU142","OTU142",0.767441860465116,"Bacteria","Proteobacteria","Betaproteobacteria","Burkholderiales","Comamonadaceae","Rhizobacter"
"OTU2467","OTU2467",0.418604651162791,"Bacteria","Bacteroidetes","Cytophagia","Cytophagales","Hymenobacteraceae","Adhaeribacter"
"OTU203","OTU203",0.627906976744186,"Bacteria","Proteobacteria","Alphaproteobacteria","Rhizobiales","Rhizobiaceae","Ensifer"
"OTU16168","OTU16168",0.255813953488372,"Bacteria","Actinobacteria","Actinobacteria","Streptomycetales","Streptomycetaceae","Yinghuangia"
"OTU519","OTU519",1,"Bacteria","Proteobacteria","Betaproteobacteria","uncl_Betaproteobacteria","uncl_Betaproteobacteria","uncl_Betaproteobacteria"
"OTU1501","OTU1501",0.302325581395349,"Bacteria","Bacteroidetes","Cytophagia","Cytophagales","Cytophagaceae","Spirosoma"
"OTU204","OTU204",1,"Bacteria","Verrucomicrobia","Spartobacteria","uncl_Spartobacteria","uncl_Spartobacteria","Spartobacteria_genera_incertae_sedis"
"OTU739","OTU739",0.779069767441861,"Bacteria","Actinobacteria","Actinobacteria","Propionibacteriales","Nocardioidaceae","uncl_Nocardioidaceae"
"OTU433","OTU433",0.976744186046512,"Bacteria","Actinobacteria","Actinobacteria","Propionibacteriales","Propionibacteriaceae","Microlunatus"
"OTU798","OTU798",0.941860465116279,"Bacteria","Planctomycetes","Planctomycetacia","Planctomycetales","Gemmataceae","Gemmata"
"OTU3368","OTU3368",0.63953488372093,"Bacteria","Proteobacteria","Alphaproteobacteria","Rhizobiales","Phyllobacteriaceae","uncl_Phyllobacteriaceae"
"OTU9354","OTU9354",0.848837209302326,"Bacteria","Planctomycetes","Planctomycetacia","Planctomycetales","Isosphaeraceae","uncl_Isosphaeraceae"
"OTU40","OTU40",0.883720930232558,"Bacteria","Proteobacteria","Gammaproteobacteria","Pseudomonadales","Pseudomonadaceae","Pseudomonas"
"OTU2974","OTU2974",0.906976744186046,"Bacteria","Proteobacteria","Alphaproteobacteria","Sphingomonadales","uncl_Sphingomonadales","uncl_Sphingomonadales"
"OTU39","OTU39",0.988372093023256,"Bacteria","Actinobacteria","Actinobacteria","Micromonosporales","Micromonosporaceae","Actinoplanes"
"OTU1238","OTU1238",0.767441860465116,"Bacteria","BRC1","uncl_BRC1","uncl_BRC1","uncl_BRC1","BRC1_genera_incertae_sedis"
"OTU655","OTU655",0.5,"Bacteria","Actinobacteria","Actinobacteria","Streptosporangiales","Thermomonosporaceae","Actinocorallia"
"OTU2904","OTU2904",0.488372093023256,"Archaea","Thaumarchaeota","uncl_Thaumarchaeota","Nitrososphaerales","Nitrososphaeraceae","Nitrososphaera"
"OTU530","OTU530",0.988372093023256,"Bacteria","Proteobacteria","Alphaproteobacteria","Rhodospirillales","uncl_Rhodospirillales","uncl_Rhodospirillales"
"OTU2191","OTU2191",0.546511627906977,"Bacteria","Actinobacteria","Actinobacteria","Geodermatophilales","Geodermatophilaceae","uncl_Geodermatophilaceae"
"OTU259","OTU259",0.744186046511628,"Bacteria","Proteobacteria","Alphaproteobacteria","Rhodospirillales","Azospirillaceae","Skermanella"
"OTU4240","OTU4240",0.0348837209302326,"Bacteria","Proteobacteria","Gammaproteobacteria","Thiotrichales","Piscirickettsiaceae","Methylophaga"
"OTU437","OTU437",0.837209302325581,"Bacteria","Actinobacteria","Actinobacteria","Micrococcales","Intrasporangiaceae","uncl_Intrasporangiaceae"
"OTU1067","OTU1067",0.941860465116279,"Bacteria","Proteobacteria","Betaproteobacteria","Burkholderiales","Oxalobacteraceae","uncl_Oxalobacteraceae"
"OTU3573","OTU3573",0.0930232558139535,"Bacteria","Proteobacteria","Gammaproteobacteria","Alteromonadales","Shewanellaceae","Shewanella"
"OTU2156","OTU2156",0.418604651162791,"Bacteria","Actinobacteria","Actinobacteria","Mycobacteriales","Nocardiaceae","Nocardia"
"OTU1175","OTU1175",0.406976744186047,"Bacteria","Proteobacteria","Alphaproteobacteria","Rhodospirillales","Geminicoccaceae","Arboricoccus"
"OTU309","OTU309",1,"Bacteria","Verrucomicrobia","Opitutae","Opitutales","Opitutaceae","uncl_Opitutaceae"
"OTU497","OTU497",0.581395348837209,"Bacteria","Actinobacteria","Actinobacteria","Frankiales","Frankiaceae","Jatrophihabitans"
"OTU1342","OTU1342",0.0813953488372093,"Bacteria","Proteobacteria","Gammaproteobacteria","Alteromonadales","Pseudoalteromonadaceae","Pseudoalteromonas"
"OTU934","OTU934",0.848837209302326,"Bacteria","Proteobacteria","Deltaproteobacteria","Myxococcales","Labilitrichaceae","uncl_Labilitrichaceae"
"OTU6112","OTU6112",0.569767441860465,"Bacteria","Proteobacteria","Deltaproteobacteria","Myxococcales","Nannocystaceae","Nannocystis"
"OTU4263","OTU4263",0.0232558139534884,"Bacteria","Bacteroidetes","Flavobacteriia","Flavobacteriales","Flavobacteriaceae","Winogradskyella"
"OTU1488","OTU1488",0.313953488372093,"Bacteria","Proteobacteria","Alphaproteobacteria","Rhizobiales","Methylocystaceae","uncl_Methylocystaceae"
"OTU952","OTU952",0.872093023255814,"Bacteria","Verrucomicrobia","Opitutae","Opitutales","Opitutaceae","Opitutus"
"OTU312","OTU312",0.511627906976744,"Bacteria","Proteobacteria","Deltaproteobacteria","Myxococcales","Polyangiaceae","Sorangium"
"OTU507","OTU507",0.953488372093023,"Bacteria","Chloroflexi","uncl_Chloroflexi","uncl_Chloroflexi","uncl_Chloroflexi","uncl_Chloroflexi"
"OTU2116","OTU2116",0.0581395348837209,"Bacteria","Bacteroidetes","Flavobacteriia","Flavobacteriales","Flavobacteriaceae","Polaribacter"
"OTU127","OTU127",0.709302325581395,"Bacteria","Firmicutes","Bacilli","Bacillales","Bacillaceae_1","Neobacillus"
"OTU1907","OTU1907",0.988372093023256,"Bacteria","Acidobacteria","Acidobacteria_Gp7","uncl_Acidobacteria_Gp7","uncl_Acidobacteria_Gp7","Gp7"
"OTU9","OTU9",0.63953488372093,"Bacteria","Firmicutes","Bacilli","Bacillales","Bacillaceae_1","Peribacillus"
"OTU2680","OTU2680",0.813953488372093,"Bacteria","Bacteroidetes","Chitinophagia","Chitinophagales","Chitinophagaceae","Taibaiella"
"OTU2387","OTU2387",0.63953488372093,"Bacteria","Proteobacteria","Alphaproteobacteria","Rhodospirillales","Acetobacteraceae","Roseomonas"
"OTU928","OTU928",0.976744186046512,"Bacteria","Planctomycetes","Planctomycetacia","Planctomycetales","Gemmataceae","uncl_Gemmataceae"
"OTU651","OTU651",0.848837209302326,"Bacteria","Verrucomicrobia","Verrucomicrobiae","Verrucomicrobiales","Verrucomicrobiaceae","Luteolibacter"
"OTU3464","OTU3464",0.244186046511628,"Bacteria","Planctomycetes","Planctomycetacia","Pirellulales","Pirellulaceae","Pirellula"
"OTU1425","OTU1425",0.430232558139535,"Bacteria","Bacteroidetes","Chitinophagia","Chitinophagales","Chitinophagaceae","Segetibacter"
"OTU484","OTU484",0.63953488372093,"Bacteria","Acidobacteria","Blastocatellia","uncl_Blastocatellia","uncl_Blastocatellia","uncl_Blastocatellia"
"OTU969","OTU969",0.244186046511628,"Bacteria","Proteobacteria","Alphaproteobacteria","Rhizobiales","Aurantimonadaceae","Aureimonas"
"OTU4974","OTU4974",0.0465116279069767,"Bacteria","Proteobacteria","Alphaproteobacteria","Rhizobiales","Chelatococcaceae","uncl_Chelatococcaceae"
"OTU2402","OTU2402",0.232558139534884,"Bacteria","Actinobacteria","Thermoleophilia","Solirubrobacterales","Baekduiaceae","uncl_Baekduiaceae"
"OTU1032","OTU1032",0.453488372093023,"Bacteria","Proteobacteria","Alphaproteobacteria","Rhodospirillales","Geminicoccaceae","Geminicoccus"
"OTU298","OTU298",0.732558139534884,"Bacteria","Actinobacteria","Thermoleophilia","Solirubrobacterales","Baekduiaceae","Baekduia"
"OTU461","OTU461",0.662790697674419,"Bacteria","Proteobacteria","Alphaproteobacteria","Rhodobacterales","Rhodobacteraceae","Rubellimicrobium"
"OTU762","OTU762",0.453488372093023,"Bacteria","Bacteroidetes","Cytophagia","Cytophagales","Cytophagaceae","Rhodocytophaga"
"OTU829","OTU829",0.151162790697674,"Bacteria","Proteobacteria","Gammaproteobacteria","Enterobacterales","Enterobacteriaceae","Escherichia/Shigella"
"OTU4209","OTU4209",0.151162790697674,"Bacteria","Microgenomates","uncl_Microgenomates","uncl_Microgenomates","uncl_Microgenomates","uncl_Microgenomates"
"OTU3296","OTU3296",0.267441860465116,"Bacteria","Actinobacteria","Actinobacteria","Sporichthyales","Sporichthyaceae","Sporichthya"
"OTU219","OTU219",0.918604651162791,"Bacteria","Armatimonadetes","uncl_Armatimonadetes","uncl_Armatimonadetes","uncl_Armatimonadetes","Armatimonadetes_gp5"
"OTU1094","OTU1094",0.732558139534884,"Bacteria","Planctomycetes","Planctomycetacia","Planctomycetales","Planctomycetaceae","uncl_Planctomycetaceae"
"OTU6731","OTU6731",0.0813953488372093,"Bacteria","Actinobacteria","Actinobacteria","Propionibacteriales","Propionibacteriaceae","Auraticoccus"
"OTU54987","OTU54987",0.63953488372093,"Bacteria","Proteobacteria","Betaproteobacteria","Burkholderiales","Comamonadaceae","Pelomonas"
"OTU3346","OTU3346",0.302325581395349,"Bacteria","Planctomycetes","Planctomycetacia","Pirellulales","Pirellulaceae","uncl_Pirellulaceae"
"OTU201","OTU201",0.558139534883721,"Bacteria","Actinobacteria","Acidimicrobiia","Acidimicrobiales","Ilumatobacteraceae","uncl_Ilumatobacteraceae"
"OTU627","OTU627",0.802325581395349,"Bacteria","Actinobacteria","Thermoleophilia","Gaiellales","uncl_Gaiellales","uncl_Gaiellales"
"OTU577","OTU577",0.255813953488372,"Bacteria","Cyanobacteria","Cyanobacteria","uncl_Cyanobacteria","uncl_Cyanobacteria","uncl_Cyanobacteria"
"OTU23264","OTU23264",0.151162790697674,"Bacteria","Bacteroidetes","Chitinophagia","Chitinophagales","Chitinophagaceae","Niabella"
"OTU27","OTU27",1,"Bacteria","Actinobacteria","Actinobacteria","uncl_Actinobacteria","uncl_Actinobacteria","uncl_Actinobacteria"
"OTU2928","OTU2928",0.395348837209302,"Bacteria","Gemmatimonadetes","Gemmatimonadetes","Gemmatimonadales","Gemmatimonadaceae","Gemmatimonas"
"OTU837","OTU837",0.5,"Bacteria","Acidobacteria","Vicinamibacteria","Vicinamibacterales","Vicinamibacteraceae","Luteitalea"
"OTU2858","OTU2858",0.116279069767442,"Bacteria","Proteobacteria","Betaproteobacteria","Burkholderiales","Alcaligenaceae","Pigmentiphaga"
"OTU263","OTU263",1,"Bacteria","Actinobacteria","Thermoleophilia","uncl_Thermoleophilia","uncl_Thermoleophilia","uncl_Thermoleophilia"
"OTU2732","OTU2732",0.418604651162791,"Bacteria","Proteobacteria","Alphaproteobacteria","Rhodospirillales","Acetobacteraceae","Belnapia"
"OTU41446","OTU41446",0.441860465116279,"Bacteria","Proteobacteria","Alphaproteobacteria","Rhizobiales","Brucellaceae","uncl_Brucellaceae"
"OTU2145","OTU2145",0.313953488372093,"Bacteria","Proteobacteria","Alphaproteobacteria","Rhizobiales","Pleomorphomonadaceae","uncl_Pleomorphomonadaceae"
"OTU152","OTU152",0.418604651162791,"Bacteria","Proteobacteria","Gammaproteobacteria","Xanthomonadales","Xanthomonadaceae","Xanthomonas"
"OTU6375","OTU6375",0.825581395348837,"Bacteria","Gemmatimonadetes","Longimicrobia","Longimicrobiales","Longimicrobiaceae","Longimicrobium"
"OTU99","OTU99",0.255813953488372,"Bacteria","Proteobacteria","Gammaproteobacteria","Enterobacterales","Erwiniaceae","uncl_Erwiniaceae"
"OTU7189","OTU7189",0.232558139534884,"Bacteria","Armatimonadetes","Armatimonadia","uncl_Armatimonadia","uncl_Armatimonadia","uncl_Armatimonadia"
"OTU7851","OTU7851",0.0232558139534884,"Bacteria","Bacteroidetes","Flavobacteriia","Flavobacteriales","Flavobacteriaceae","Aequorivita"
"OTU132","OTU132",0.267441860465116,"Bacteria","Proteobacteria","Betaproteobacteria","Burkholderiales","Oxalobacteraceae","Duganella"
"OTU3396","OTU3396",0.0465116279069767,"Bacteria","Bacteroidetes","Flavobacteriia","Flavobacteriales","Flavobacteriaceae","Arenibacter"
"OTU4739","OTU4739",0.0465116279069767,"Bacteria","Bacteroidetes","Flavobacteriia","Flavobacteriales","Flavobacteriaceae","Cellulophaga"
"OTU12402","OTU12402",0.0348837209302326,"Bacteria","Chloroflexi","Thermomicrobia","Sphaerobacterales","Sphaerobacteraceae","uncl_Sphaerobacteraceae"
"OTU4699","OTU4699",0.383720930232558,"Bacteria","Verrucomicrobia","Verrucomicrobiae","Verrucomicrobiales","uncl_Verrucomicrobiales","uncl_Verrucomicrobiales"
"OTU2063","OTU2063",0.348837209302326,"Bacteria","Proteobacteria","Deltaproteobacteria","Myxococcales","Nannocystaceae","uncl_Nannocystaceae"
"OTU799","OTU799",0.325581395348837,"Bacteria","Actinobacteria","Actinobacteria","Kineosporiales","Kineosporiaceae","Kineococcus"
"OTU1353","OTU1353",0.686046511627907,"Bacteria","Firmicutes","Bacilli","Bacillales","Paenibacillaceae_1","Paenibacillus"
"OTU1980","OTU1980",0.267441860465116,"Bacteria","Actinobacteria","Actinobacteria","Micrococcales","Cellulomonadaceae","uncl_Cellulomonadaceae"
"OTU11664","OTU11664",0.406976744186047,"Bacteria","Chloroflexi","Caldilineae","Caldilineales","Caldilineaceae","uncl_Caldilineaceae"
"OTU944","OTU944",0.488372093023256,"Bacteria","Armatimonadetes","Fimbriimonadia","Fimbriimonadales","Fimbriimonadaceae","Fimbriimonas"
"OTU428","OTU428",0.534883720930233,"Bacteria","Proteobacteria","Alphaproteobacteria","Caulobacterales","Hyphomonadaceae","Asprobacter"
"OTU9960","OTU9960",0.325581395348837,"Bacteria","Actinobacteria","Actinobacteria","Pseudonocardiales","Pseudonocardiaceae","Umezawaea"
"OTU5219","OTU5219",0.906976744186046,"Bacteria","Planctomycetes","Planctomycetacia","Planctomycetales","uncl_Planctomycetales","uncl_Planctomycetales"
"OTU55890","OTU55890",0.395348837209302,"Bacteria","Bacteroidetes","Cytophagia","Cytophagales","Hymenobacteraceae","Hymenobacter"
"OTU996","OTU996",0.232558139534884,"Bacteria","Actinobacteria","Actinobacteria","Nakamurellales","Nakamurellaceae","Nakamurella"
"OTU2195","OTU2195",0.523255813953488,"Bacteria","Nitrospirae","Nitrospira","Nitrospirales","Nitrospiraceae","Nitrospira"
"OTU2994","OTU2994",0.0465116279069767,"Bacteria","Actinobacteria","Nitriliruptoria","uncl_Nitriliruptoria","uncl_Nitriliruptoria","uncl_Nitriliruptoria"
"OTU2716","OTU2716",0.0348837209302326,"Bacteria","Actinobacteria","Actinobacteria","Mycobacteriales","Gordoniaceae","Williamsia"
"OTU3274","OTU3274",0.406976744186047,"Bacteria","Proteobacteria","Alphaproteobacteria","Rhodobacterales","Rhodobacteraceae","uncl_Rhodobacteraceae"
"OTU9695","OTU9695",0.232558139534884,"Bacteria","Abditibacteriota","Abditibacteria","Abditibacteriales","Abditibacteriaceae","Abditibacterium"
"OTU1054","OTU1054",0.63953488372093,"Bacteria","Planctomycetes","Planctomycetacia","Planctomycetales","Gemmataceae","Zavarzinella"
"OTU5572","OTU5572",0.197674418604651,"Bacteria","Proteobacteria","Oligoflexia","Silvanigrellales","Silvanigrellaceae","uncl_Silvanigrellaceae"
"OTU2130","OTU2130",0.441860465116279,"Bacteria","Actinobacteria","Acidimicrobiia","Acidimicrobiales","Ilumatobacteraceae","Ilumatobacter"
"OTU32297","OTU32297",0.325581395348837,"Bacteria","Actinobacteria","Actinobacteria","Kineosporiales","Kineosporiaceae","Kineosporia"
"OTU13536","OTU13536",0.0232558139534884,"Bacteria","Deinococcus-Thermus","uncl_Deinococcus-Thermus","uncl_Deinococcus-Thermus","uncl_Deinococcus-Thermus","uncl_Deinococcus-Thermus"
"OTU398","OTU398",0.290697674418605,"Bacteria","Proteobacteria","Gammaproteobacteria","Xanthomonadales","Rhodanobacteraceae","Tahibacter"
"OTU1307","OTU1307",0.662790697674419,"Bacteria","Proteobacteria","Deltaproteobacteria","Myxococcales","Myxococcaceae","uncl_Myxococcaceae"
"OTU78971","OTU78971",0.0581395348837209,"Bacteria","Actinobacteria","Actinobacteria","Micromonosporales","Micromonosporaceae","Allocatelliglobosispora"
"OTU9469","OTU9469",0.0232558139534884,"Bacteria","Chloroflexi","Anaerolineae","uncl_Anaerolineae","uncl_Anaerolineae","uncl_Anaerolineae"
"OTU1539","OTU1539",0.255813953488372,"Bacteria","Proteobacteria","Alphaproteobacteria","Sphingomonadales","Erythrobacteraceae","Novosphingobium"
"OTU85","OTU85",0.674418604651163,"Bacteria","Proteobacteria","Alphaproteobacteria","Caulobacterales","Caulobacteraceae","Asticcacaulis"
"OTU214","OTU214",0.767441860465116,"Bacteria","Armatimonadetes","uncl_Armatimonadetes","uncl_Armatimonadetes","uncl_Armatimonadetes","uncl_Armatimonadetes"
"OTU2715","OTU2715",0.569767441860465,"Bacteria","Verrucomicrobia","Verrucomicrobiae","Verrucomicrobiales","Verrucomicrobiaceae","uncl_Verrucomicrobiaceae"
"OTU2042","OTU2042",0.476744186046512,"Bacteria","Bacteroidetes","Chitinophagia","Chitinophagales","Chitinophagaceae","Edaphobaculum"
"OTU2094","OTU2094",0.569767441860465,"Bacteria","Parcubacteria","uncl_Parcubacteria","uncl_Parcubacteria","uncl_Parcubacteria","Parcubacteria_genera_incertae_sedis"
"OTU2953","OTU2953",0.802325581395349,"Bacteria","Gemmatimonadetes","Gemmatimonadetes","uncl_Gemmatimonadetes","uncl_Gemmatimonadetes","uncl_Gemmatimonadetes"
"OTU3991","OTU3991",0.372093023255814,"Bacteria","Parcubacteria","uncl_Parcubacteria","uncl_Parcubacteria","uncl_Parcubacteria","uncl_Parcubacteria"
"OTU2570","OTU2570",0.209302325581395,"Bacteria","Gemmatimonadetes","Longimicrobia","uncl_Longimicrobia","uncl_Longimicrobia","uncl_Longimicrobia"
"OTU71768","OTU71768",0.523255813953488,"Bacteria","Actinobacteria","Actinobacteria","Micromonosporales","uncl_Micromonosporales","uncl_Micromonosporales"
"OTU23769","OTU23769",0.116279069767442,"Bacteria","Bacteroidetes","Cytophagia","Cytophagales","Cytophagaceae","Larkinella"
"OTU22","OTU22",0.0697674418604651,"Bacteria","Proteobacteria","Betaproteobacteria","Burkholderiales","Burkholderiaceae","Burkholderia"
"OTU3054","OTU3054",0.674418604651163,"Bacteria","Verrucomicrobia","uncl_Verrucomicrobia","uncl_Verrucomicrobia","uncl_Verrucomicrobia","uncl_Verrucomicrobia"
"OTU1317","OTU1317",0.372093023255814,"Bacteria","Chloroflexi","Chloroflexia","Chloroflexales","uncl_Chloroflexales","uncl_Chloroflexales"
"OTU3059","OTU3059",0.127906976744186,"Bacteria","Proteobacteria","Alphaproteobacteria","Rhizobiales","Chelatococcaceae","Chelatococcus"
"OTU2239","OTU2239",0.604651162790698,"Bacteria","Actinobacteria","Acidimicrobiia","Acidimicrobiales","Iamiaceae","uncl_Iamiaceae"
"OTU38","OTU38",0.302325581395349,"Bacteria","Proteobacteria","Gammaproteobacteria","Xanthomonadales","Rhodanobacteraceae","Luteibacter"
"OTU572","OTU572",0.837209302325581,"Bacteria","Armatimonadetes","Chthonomonadetes","Chthonomonadales","Chthonomonadaceae","Chthonomonas/Armatimonadetes_gp3"
"OTU146","OTU146",0.988372093023256,"Bacteria","Bacteroidetes","Chitinophagia","Chitinophagales","Chitinophagaceae","Niastella"
"OTU869","OTU869",0.372093023255814,"Bacteria","Chloroflexi","Chloroflexia","Chloroflexales","Oscillochloridaceae","Oscillochloris"
"OTU2932","OTU2932",0.13953488372093,"Bacteria","Actinobacteria","Thermoleophilia","Solirubrobacterales","Patulibacteraceae","Patulibacter"
"OTU2263","OTU2263",0.372093023255814,"Bacteria","Planctomycetes","Phycisphaerae","uncl_Phycisphaerae","uncl_Phycisphaerae","uncl_Phycisphaerae"
"OTU325","OTU325",0.383720930232558,"Bacteria","Verrucomicrobia","Terrimicrobia","Terrimicrobiales","Terrimicrobiaceae","Terrimicrobium"
"OTU274","OTU274",0.581395348837209,"Bacteria","Acidobacteria","Vicinamibacteria","Vicinamibacterales","Vicinamibacteraceae","Vicinamibacter"
"OTU10848","OTU10848",0.0697674418604651,"Bacteria","Proteobacteria","Deltaproteobacteria","Myxococcales","Haliangiaceae","uncl_Haliangiaceae"
"OTU8141","OTU8141",0.104651162790698,"Bacteria","Proteobacteria","Deltaproteobacteria","Bdellovibrionales","Bdellovibrionaceae","uncl_Bdellovibrionaceae"
"OTU13956","OTU13956",0.0465116279069767,"Bacteria","Proteobacteria","Gammaproteobacteria","Acidiferrobacterales","Acidiferrobacteraceae","uncl_Acidiferrobacteraceae"
"OTU459","OTU459",0.162790697674419,"Bacteria","Actinobacteria","Actinobacteria","Micrococcales","Promicromonosporaceae","uncl_Promicromonosporaceae"
"OTU4975","OTU4975",0.36046511627907,"Bacteria","Actinobacteria","Actinobacteria","Frankiales","uncl_Frankiales","uncl_Frankiales"
"OTU294","OTU294",0.976744186046512,"Bacteria","Acidobacteria","Acidobacteria_Gp4","uncl_Acidobacteria_Gp4","uncl_Acidobacteria_Gp4","Gp4"
"OTU310","OTU310",0.453488372093023,"Bacteria","Actinobacteria","Actinobacteria","Streptosporangiales","Streptosporangiaceae","Streptosporangium"
"OTU609","OTU609",0.174418604651163,"Bacteria","Proteobacteria","Alphaproteobacteria","Rhizobiales","Methylobacteriaceae","Psychroglaciecola"
"OTU4343","OTU4343",0.383720930232558,"Bacteria","Verrucomicrobia","Verrucomicrobiae","Verrucomicrobiales","Verrucomicrobiaceae","Prosthecobacter"
"OTU95492","OTU95492",0.0348837209302326,"Bacteria","Planctomycetes","Planctomycetacia","Pirellulales","Lacipirellulaceae","Bythopirellula"
"OTU21070","OTU21070",0.0232558139534884,"Bacteria","Planctomycetes","Planctomycetacia","Pirellulales","Lacipirellulaceae","uncl_Lacipirellulaceae"
"OTU4538","OTU4538",0.197674418604651,"Bacteria","Bacteroidetes","Cytophagia","Cytophagales","Cytophagaceae","uncl_Cytophagaceae"
"OTU3960","OTU3960",0.395348837209302,"Bacteria","Proteobacteria","Alphaproteobacteria","Rhizobiales","Blastochloridaceae","Blastochloris"
"OTU3251","OTU3251",0.209302325581395,"Bacteria","Proteobacteria","Deltaproteobacteria","Myxococcales","Sandaracinaceae","uncl_Sandaracinaceae"
"OTU2368","OTU2368",0.13953488372093,"Bacteria","Actinobacteria","Actinobacteria","Micrococcales","Micrococcaceae","Arthrobacter"
"OTU1106","OTU1106",0.720930232558139,"Bacteria","candidate_division_WPS-1","uncl_candidate_division_WPS-1","uncl_candidate_division_WPS-1","uncl_candidate_division_WPS-1","uncl_candidate_division_WPS-1"
"OTU243","OTU243",0.5,"Bacteria","Bacteroidetes","Flavobacteriia","Flavobacteriales","Weeksellaceae","Chryseobacterium"
"OTU25704","OTU25704",0.395348837209302,"Bacteria","Actinobacteria","Actinobacteria","Streptosporangiales","uncl_Streptosporangiales","uncl_Streptosporangiales"
"OTU4036","OTU4036",0.395348837209302,"Bacteria","Acidobacteria","Blastocatellia","Blastocatellales","uncl_Blastocatellales","uncl_Blastocatellales"
"OTU7706","OTU7706",0.13953488372093,"Bacteria","Bacteroidetes","Chitinophagia","uncl_Chitinophagia","uncl_Chitinophagia","uncl_Chitinophagia"
"OTU47","OTU47",0.965116279069767,"Bacteria","Proteobacteria","Alphaproteobacteria","Rhodospirillales","Reyranellaceae","Reyranella"
"OTU1655","OTU1655",0.720930232558139,"Bacteria","Verrucomicrobia","Spartobacteria","uncl_Spartobacteria","uncl_Spartobacteria","uncl_Spartobacteria"
"OTU13468","OTU13468",0.302325581395349,"Bacteria","Verrucomicrobia","Opitutae","Opitutales","Opitutaceae","Lacunisphaera"
"OTU279","OTU279",0.965116279069767,"Bacteria","Bacteroidetes","Cytophagia","Cytophagales","uncl_Cytophagales","uncl_Cytophagales"
"OTU7325","OTU7325",0.0348837209302326,"Bacteria","Proteobacteria","Gammaproteobacteria","Oceanospirillales","Oceanospirillaceae","Marinomonas"
"OTU2118","OTU2118",0.232558139534884,"Bacteria","Proteobacteria","Gammaproteobacteria","Chromatiales","uncl_Chromatiales","uncl_Chromatiales"
"OTU141","OTU141",0.395348837209302,"Bacteria","Actinobacteria","Actinobacteria","Streptosporangiales","Streptosporangiaceae","uncl_Streptosporangiaceae"
"OTU96770","OTU96770",0.0465116279069767,"Bacteria","Proteobacteria","Alphaproteobacteria","Rhizobiales","Phyllobacteriaceae","Nitratireductor"
"OTU1760","OTU1760",0.186046511627907,"Bacteria","Proteobacteria","Alphaproteobacteria","Rhizobiales","Kaistiaceae","uncl_Kaistiaceae"
"OTU100459","OTU100459",0.267441860465116,"Bacteria","Acidobacteria","Acidobacteria_Gp3","uncl_Acidobacteria_Gp3","uncl_Acidobacteria_Gp3","Candidatus_Solibacter"
"OTU121","OTU121",0.825581395348837,"Bacteria","Firmicutes","Bacilli","Bacillales","Bacillaceae_1","Bacillus"
"OTU2797","OTU2797",0.325581395348837,"Bacteria","Acidobacteria","Acidobacteria_Gp10","uncl_Acidobacteria_Gp10","uncl_Acidobacteria_Gp10","uncl_Acidobacteria_Gp10"
"OTU16913","OTU16913",0.0116279069767442,"Bacteria","Proteobacteria","Gammaproteobacteria","Cellvibrionales","Halieaceae","Haliea"
"OTU31345","OTU31345",0.534883720930233,"Bacteria","Actinobacteria","Thermoleophilia","Solirubrobacterales","Solirubrobacteraceae","uncl_Solirubrobacteraceae"
"OTU3114","OTU3114",0.0930232558139535,"Bacteria","Bacteroidetes","Cytophagia","Cytophagales","Cyclobacteriaceae","Algoriphagus"
"OTU133","OTU133",0.488372093023256,"Bacteria","Proteobacteria","Alphaproteobacteria","Rhizobiales","Hyphomicrobiaceae","Pedomicrobium"
"OTU47781","OTU47781",0.0930232558139535,"Bacteria","Proteobacteria","Deltaproteobacteria","Bdellovibrionales","uncl_Bdellovibrionales","uncl_Bdellovibrionales"
"OTU2913","OTU2913",0.569767441860465,"Bacteria","Proteobacteria","Oligoflexia","Bacteriovoracales","Bacteriovoracaceae","Peredibacter"
"OTU481","OTU481",0.290697674418605,"Bacteria","Actinobacteria","Actinobacteria","Streptosporangiales","Thermomonosporaceae","Actinoallomurus"
"OTU4574","OTU4574",0.0348837209302326,"Bacteria","Bacteroidetes","Cytophagia","Cytophagales","Roseivirgaceae","Roseivirga"
"OTU504","OTU504",0.0348837209302326,"Bacteria","Proteobacteria","Alphaproteobacteria","Rhizobiales","Roseiarcaceae","Roseiarcus"
"OTU2489","OTU2489",0.27906976744186,"Bacteria","Actinobacteria","Acidimicrobiia","Acidimicrobiales","Iamiaceae","Aquihabitans"
"OTU3410","OTU3410",0.372093023255814,"Bacteria","Microgenomates","uncl_Microgenomates","uncl_Microgenomates","uncl_Microgenomates","Microgenomates_genera_incertae_sedis"
"OTU3117","OTU3117",0.151162790697674,"Bacteria","Firmicutes","uncl_Firmicutes","uncl_Firmicutes","uncl_Firmicutes","uncl_Firmicutes"
"OTU103","OTU103",0.0930232558139535,"Bacteria","Proteobacteria","Betaproteobacteria","Burkholderiales","Burkholderiaceae","Ralstonia"
"OTU2377","OTU2377",0.151162790697674,"Bacteria","Actinobacteria","Rubrobacteria","Rubrobacterales","uncl_Rubrobacterales","uncl_Rubrobacterales"
"OTU70","OTU70",0.186046511627907,"Bacteria","Proteobacteria","Betaproteobacteria","Burkholderiales","Burkholderiaceae","Caballeronia"
"OTU223","OTU223",0.127906976744186,"Bacteria","Proteobacteria","Gammaproteobacteria","Pseudomonadales","Moraxellaceae","Acinetobacter"
"OTU1680","OTU1680",0.976744186046512,"Bacteria","Verrucomicrobia","Subdivision3","uncl_Subdivision3","uncl_Subdivision3","Subdivision3_genera_incertae_sedis"
"OTU1615","OTU1615",0.825581395348837,"Bacteria","Planctomycetes","Planctomycetacia","Pirellulales","uncl_Pirellulales","uncl_Pirellulales"
"OTU41275","OTU41275",0.0116279069767442,"Bacteria","Acidobacteria","Acidobacteria_Gp15","uncl_Acidobacteria_Gp15","uncl_Acidobacteria_Gp15","Gp15"
"OTU1732","OTU1732",0.104651162790698,"Bacteria","Proteobacteria","Alphaproteobacteria","Micropepsales","Micropepsaceae","uncl_Micropepsaceae"
"OTU386","OTU386",0.813953488372093,"Bacteria","Proteobacteria","Deltaproteobacteria","Bdellovibrionales","Bdellovibrionaceae","Bdellovibrio"
"OTU2712","OTU2712",0.116279069767442,"Bacteria","Actinobacteria","Actinobacteria","Mycobacteriales","Nocardiaceae","Rhodococcus"
"OTU1418","OTU1418",0.0465116279069767,"Bacteria","Proteobacteria","Deltaproteobacteria","Myxococcales","Cystobacteraceae","Cystobacter"
"OTU2217","OTU2217",0.0116279069767442,"Bacteria","Proteobacteria","Gammaproteobacteria","Aeromonadales","Aeromonadaceae","Aeromonas"
"OTU1292","OTU1292",0.476744186046512,"Bacteria","Proteobacteria","Deltaproteobacteria","Myxococcales","Sandaracinaceae","Sandaracinus"
"OTU699","OTU699",0.988372093023256,"Bacteria","Armatimonadetes","Armatimonadia","Armatimonadales","Armatimonadaceae","Armatimonas/Armatimonadetes_gp1"
"OTU3803","OTU3803",0.22093023255814,"Bacteria","Verrucomicrobia","Verrucomicrobiae","uncl_Verrucomicrobiae","uncl_Verrucomicrobiae","uncl_Verrucomicrobiae"
"OTU1962","OTU1962",0.104651162790698,"Bacteria","Actinobacteria","Actinobacteria","Propionibacteriales","Actinopolymorphaceae","uncl_Actinopolymorphaceae"
"OTU16120","OTU16120",0.465116279069767,"Bacteria","Proteobacteria","Deltaproteobacteria","Myxococcales","Labilitrichaceae","Labilithrix"
"OTU377","OTU377",0.174418604651163,"Bacteria","Proteobacteria","Alphaproteobacteria","Sphingomonadales","Sphingomonadaceae","Sphingopyxis"
"OTU4059","OTU4059",0.22093023255814,"Bacteria","Proteobacteria","Betaproteobacteria","Burkholderiales","Comamonadaceae","Aquabacterium"
"OTU199","OTU199",0.174418604651163,"Bacteria","Acidobacteria","Acidobacteria_Gp1","uncl_Acidobacteria_Gp1","uncl_Acidobacteria_Gp1","Edaphobacter"
"OTU2001","OTU2001",0.325581395348837,"Bacteria","Chloroflexi","Chloroflexia","Herpetosiphonales","Herpetosiphonaceae","Herpetosiphon"
"OTU1650","OTU1650",0.162790697674419,"Bacteria","Actinobacteria","Actinobacteria","Propionibacteriales","Actinopolymorphaceae","Tenggerimyces"
"OTU1233","OTU1233",0.0465116279069767,"Bacteria","Bacteroidetes","Sphingobacteriia","Sphingobacteriales","Sphingobacteriaceae","Olivibacter"
"OTU4042","OTU4042",0.0813953488372093,"Bacteria","Actinobacteria","Actinobacteria","Mycobacteriales","Gordoniaceae","Gordonia"
"OTU707","OTU707",0.0232558139534884,"Bacteria","Actinobacteria","Actinobacteria","Catenulisporales","Actinospicaceae","Actinocrinis"
"OTU11046","OTU11046",0.0813953488372093,"Bacteria","Proteobacteria","Oligoflexia","Bacteriovoracales","uncl_Bacteriovoracales","uncl_Bacteriovoracales"
"OTU73830","OTU73830",0.162790697674419,"Bacteria","Deinococcus-Thermus","Deinococci","Deinococcales","Deinococcaceae","Deinococcus"
"OTU826","OTU826",0.616279069767442,"Bacteria","Actinobacteria","Thermoleophilia","Gaiellales","Gaiellaceae","uncl_Gaiellaceae"
"OTU11991","OTU11991",0.0930232558139535,"Bacteria","Abditibacteriota","Abditibacteria","Abditibacteriales","uncl_Abditibacteriales","uncl_Abditibacteriales"
"OTU416","OTU416",0.0116279069767442,"Bacteria","Spirochaetes","Spirochaetia","Spirochaetales","Spirochaetaceae","Spirochaeta"
"OTU4117","OTU4117",0.0116279069767442,"Bacteria","Proteobacteria","Gammaproteobacteria","Vibrionales","Vibrionaceae","Vibrio"
"OTU4631","OTU4631",0.116279069767442,"Bacteria","Proteobacteria","Oligoflexia","Bacteriovoracales","Bacteriovoracaceae","Bacteriovorax"
"OTU2897","OTU2897",0.151162790697674,"Bacteria","Actinobacteria","Actinobacteria","Micromonosporales","Micromonosporaceae","Rhizocola"
"OTU454","OTU454",0.918604651162791,"Bacteria","Proteobacteria","Gammaproteobacteria","Xanthomonadales","Rhodanobacteraceae","uncl_Rhodanobacteraceae"
"OTU15930","OTU15930",0.0232558139534884,"Bacteria","Deinococcus-Thermus","Deinococci","Trueperales","Trueperaceae","uncl_Trueperaceae"
"OTU5657","OTU5657",0.0465116279069767,"Bacteria","Actinobacteria","Actinobacteria","Micromonosporales","Micromonosporaceae","Catelliglobosispora"
"OTU8856","OTU8856",0.0697674418604651,"Bacteria","Proteobacteria","Alphaproteobacteria","Rhodobacterales","uncl_Rhodobacterales","uncl_Rhodobacterales"
"OTU162","OTU162",0.430232558139535,"Bacteria","Armatimonadetes","Armatimonadia","Armatimonadales","Armatimonadaceae","uncl_Armatimonadaceae"
"OTU485","OTU485",0.0116279069767442,"Bacteria","Proteobacteria","Alphaproteobacteria","Rhizobiales","Hyphomicrobiaceae","Rhodomicrobium"
"OTU4086","OTU4086",0.244186046511628,"Bacteria","Proteobacteria","Gammaproteobacteria","Xanthomonadales","Xanthomonadaceae","Stenotrophomonas"
"OTU10708","OTU10708",0.0930232558139535,"Bacteria","Abditibacteriota","uncl_Abditibacteriota","uncl_Abditibacteriota","uncl_Abditibacteriota","uncl_Abditibacteriota"
"OTU22089","OTU22089",0.0116279069767442,"Bacteria","Bacteroidetes","Cytophagia","Cytophagales","Hymenobacteraceae","Rufibacter"
"OTU15114","OTU15114",0.0116279069767442,"Bacteria","Actinobacteria","Actinobacteria","Streptosporangiales","Thermomonosporaceae","Thermomonospora"
"OTU93","OTU93",0.593023255813954,"Bacteria","Proteobacteria","Betaproteobacteria","Burkholderiales","Oxalobacteraceae","Pseudoduganella"
"OTU3534","OTU3534",0.0348837209302326,"Bacteria","Firmicutes","Bacilli","Lactobacillales","Streptococcaceae","Streptococcus"
"OTU534","OTU534",0.511627906976744,"Bacteria","Armatimonadetes","Chthonomonadetes","Chthonomonadales","uncl_Chthonomonadales","uncl_Chthonomonadales"
"OTU115","OTU115",0.406976744186047,"Bacteria","Proteobacteria","Betaproteobacteria","Burkholderiales","Burkholderiaceae","Paraburkholderia"
"OTU140","OTU140",0.325581395348837,"Bacteria","Acidobacteria","Acidobacteria_Gp1","uncl_Acidobacteria_Gp1","uncl_Acidobacteria_Gp1","Terriglobus"
"OTU2221","OTU2221",0.581395348837209,"Bacteria","Actinobacteria","Actinobacteria","Streptosporangiales","Thermomonosporaceae","uncl_Thermomonosporaceae"
"OTU1514","OTU1514",0.383720930232558,"Bacteria","Bacteroidetes","Chitinophagia","Chitinophagales","Chitinophagaceae","Parafilimonas"
"OTU1069","OTU1069",0.22093023255814,"Bacteria","Proteobacteria","Betaproteobacteria","Burkholderiales","Alcaligenaceae","Bordetella"
"OTU1266","OTU1266",0.569767441860465,"Bacteria","Verrucomicrobia","Verrucomicrobiae","Verrucomicrobiales","Verrucomicrobiaceae","Roseimicrobium"
"OTU247","OTU247",0.0348837209302326,"Bacteria","Tenericutes","Mollicutes","Acholeplasmatales","uncl_Acholeplasmatales","uncl_Acholeplasmatales"
"OTU4901","OTU4901",0.0232558139534884,"Bacteria","Proteobacteria","Gammaproteobacteria","Alteromonadales","Alteromonadaceae","Marinobacter"
"OTU3425","OTU3425",0.116279069767442,"Bacteria","Proteobacteria","Deltaproteobacteria","Myxococcales","Polyangiaceae","Aetherobacter"
"OTU7183","OTU7183",0.186046511627907,"Bacteria","Verrucomicrobia","Terrimicrobia","Terrimicrobiales","uncl_Terrimicrobiales","uncl_Terrimicrobiales"
"OTU4182","OTU4182",0.0116279069767442,"Bacteria","Bacteroidetes","Flavobacteriia","Flavobacteriales","Flavobacteriaceae","Xanthomarina"
"OTU4868","OTU4868",0.244186046511628,"Bacteria","Proteobacteria","Alphaproteobacteria","Rhizobiales","Alsobacteraceae","uncl_Alsobacteraceae"
"OTU1093","OTU1093",0.0581395348837209,"Bacteria","Acidobacteria","Acidobacteria_Gp1","uncl_Acidobacteria_Gp1","uncl_Acidobacteria_Gp1","Candidatus_Koribacter"
"OTU706","OTU706",1,"Bacteria","Bacteroidetes","uncl_Bacteroidetes","uncl_Bacteroidetes","uncl_Bacteroidetes","uncl_Bacteroidetes"
"OTU13014","OTU13014",0.453488372093023,"Bacteria","Proteobacteria","Betaproteobacteria","Burkholderiales","Comamonadaceae","Roseateles"
"OTU24204","OTU24204",0.174418604651163,"Bacteria","Gemmatimonadetes","Gemmatimonadetes","Gemmatimonadales","Gemmatimonadaceae","Gemmatirosa"
"OTU272","OTU272",0.244186046511628,"Bacteria","Proteobacteria","Alphaproteobacteria","Rhodospirillales","Azospirillaceae","Azospirillum"
"OTU645","OTU645",0.290697674418605,"Bacteria","Firmicutes","Bacilli","Bacillales","Planococcaceae","uncl_Planococcaceae"
"OTU17904","OTU17904",0.104651162790698,"Bacteria","Proteobacteria","Deltaproteobacteria","Myxococcales","Polyangiaceae","Byssovorax"
"OTU370","OTU370",0.186046511627907,"Bacteria","Proteobacteria","Alphaproteobacteria","Sneathiellales","Sneathiellaceae","Ferrovibrio"
"OTU2660","OTU2660",0.0116279069767442,"Bacteria","candidate_division_WPS-2","uncl_candidate_division_WPS-2","uncl_candidate_division_WPS-2","uncl_candidate_division_WPS-2","WPS-2_genera_incertae_sedis"
"OTU29123","OTU29123",0.593023255813954,"Bacteria","Actinobacteria","Actinobacteria","Streptosporangiales","Streptosporangiaceae","Sphaerisporangium"
"OTU4484","OTU4484",0.0116279069767442,"Bacteria","Proteobacteria","Alphaproteobacteria","Rhodobacterales","Rhodobacteraceae","Seohaeicola"
"OTU5642","OTU5642",0.0813953488372093,"Bacteria","Proteobacteria","Alphaproteobacteria","Rhizobiales","Beijerinckiaceae","uncl_Beijerinckiaceae"
"OTU343","OTU343",0.36046511627907,"Bacteria","Verrucomicrobia","Terrimicrobia","uncl_Terrimicrobia","uncl_Terrimicrobia","uncl_Terrimicrobia"
"OTU6512","OTU6512",0.0465116279069767,"Bacteria","Actinobacteria","Actinobacteria","Mycobacteriales","Corynebacteriaceae","Corynebacterium"
"OTU2934","OTU2934",0.523255813953488,"Bacteria","Proteobacteria","Gammaproteobacteria","Xanthomonadales","Xanthomonadaceae","Arenimonas"
"OTU2279","OTU2279",0.0116279069767442,"Bacteria","Proteobacteria","Gammaproteobacteria","Alteromonadales","Alteromonadaceae","Alteromonas"
"OTU883","OTU883",0.174418604651163,"Bacteria","Proteobacteria","Deltaproteobacteria","Myxococcales","Polyangiaceae","Polyangium"
"OTU844","OTU844",0.593023255813954,"Bacteria","Acidobacteria","Acidobacteria_Gp3","uncl_Acidobacteria_Gp3","uncl_Acidobacteria_Gp3","uncl_Acidobacteria_Gp3"
"OTU11074","OTU11074",0.418604651162791,"Bacteria","Acidobacteria","Acidobacteria_Gp5","uncl_Acidobacteria_Gp5","uncl_Acidobacteria_Gp5","Gp5"
"OTU10472","OTU10472",0.0116279069767442,"Bacteria","Proteobacteria","Gammaproteobacteria","Chromatiales","Chromatiaceae","Rheinheimera"
"OTU102","OTU102",1,"Bacteria","Candidatus_Saccharibacteria","uncl_Candidatus_Saccharibacteria","uncl_Candidatus_Saccharibacteria","uncl_Candidatus_Saccharibacteria","Saccharibacteria_genera_incertae_sedis"
"OTU7709","OTU7709",0.0232558139534884,"Bacteria","Actinobacteria","Actinobacteria","Propionibacteriales","Actinopolymorphaceae","Actinopolymorpha"
"OTU658","OTU658",0.104651162790698,"Bacteria","Acidobacteria","Acidobacteria_Gp1","uncl_Acidobacteria_Gp1","uncl_Acidobacteria_Gp1","Occallatibacter"
"OTU5099","OTU5099",0.127906976744186,"Bacteria","Verrucomicrobia","Opitutae","Opitutales","Opitutaceae","Oleiharenicola"
"OTU2194","OTU2194",0.0232558139534884,"Bacteria","Proteobacteria","Gammaproteobacteria","Xanthomonadales","Rhodanobacteraceae","Chiayiivirga"
"OTU9562","OTU9562",0.22093023255814,"Bacteria","Acidobacteria","Acidobacteria_Gp1","uncl_Acidobacteria_Gp1","uncl_Acidobacteria_Gp1","Gp1"
"OTU11127","OTU11127",0.0116279069767442,"Archaea","Euryarchaeota","uncl_Euryarchaeota","uncl_Euryarchaeota","uncl_Euryarchaeota","uncl_Euryarchaeota"
"OTU10259","OTU10259",0.116279069767442,"Bacteria","Armatimonadetes","Armatimonadia","Armatimonadales","uncl_Armatimonadales","uncl_Armatimonadales"
"OTU438","OTU438",0.290697674418605,"Bacteria","Bacteroidetes","Chitinophagia","Chitinophagales","Chitinophagaceae","Panacibacter"
"OTU3973","OTU3973",0.0930232558139535,"Bacteria","Proteobacteria","Alphaproteobacteria","Rhodobacterales","Rhodobacteraceae","Paracoccus"
"OTU524","OTU524",0.162790697674419,"Bacteria","Chloroflexi","Ktedonobacteria","Ktedonobacterales","uncl_Ktedonobacterales","uncl_Ktedonobacterales"
"OTU1096","OTU1096",0.0930232558139535,"Bacteria","Actinobacteria","Actinobacteria","Propionibacteriales","Propionibacteriaceae","Cutibacterium"
"OTU12664","OTU12664",0.0116279069767442,"Bacteria","Firmicutes","Bacilli","Bacillales","Planococcaceae","Psychrobacillus"
"OTU9703","OTU9703",0.0116279069767442,"Bacteria","Proteobacteria","Oligoflexia","Oligoflexales","Pseudobacteriovoracaceae","uncl_Pseudobacteriovoracaceae"
"OTU2334","OTU2334",0.0348837209302326,"Bacteria","Acidobacteria","Acidobacteria_Gp11","uncl_Acidobacteria_Gp11","uncl_Acidobacteria_Gp11","Gp11"
"OTU980","OTU980",0.244186046511628,"Bacteria","Planctomycetes","Phycisphaerae","Tepidisphaerales","Tepidisphaeraceae","Tepidisphaera"
"OTU13067","OTU13067",0.0116279069767442,"Bacteria","Planctomycetes","Planctomycetacia","Planctomycetales","Isosphaeraceae","Singulisphaera"
"OTU4516","OTU4516",0.27906976744186,"Bacteria","Gemmatimonadetes","Longimicrobia","Longimicrobiales","uncl_Longimicrobiales","uncl_Longimicrobiales"
"OTU5822","OTU5822",0.0348837209302326,"Bacteria","Actinobacteria","Actinobacteria","Micrococcales","Intrasporangiaceae","Aquipuribacter"
"OTU23895","OTU23895",0.13953488372093,"Bacteria","Actinobacteria","Actinobacteria","Pseudonocardiales","Pseudonocardiaceae","Kutzneria"
"OTU1045","OTU1045",0.337209302325581,"Bacteria","Acidobacteria","Acidobacteria_Gp25","uncl_Acidobacteria_Gp25","uncl_Acidobacteria_Gp25","Gp25"
"OTU2417","OTU2417",0.0465116279069767,"Bacteria","Proteobacteria","Alphaproteobacteria","Sphingomonadales","Sphingosinicellaceae","uncl_Sphingosinicellaceae"
"OTU12727","OTU12727",0.0232558139534884,"Bacteria","Proteobacteria","Alphaproteobacteria","Rhodospirillales","Rhodospirillaceae","Telmatospirillum"
"OTU1838","OTU1838",0.0697674418604651,"Bacteria","Firmicutes","Bacilli","Bacillales","uncl_Bacillales","uncl_Bacillales"
"OTU35556","OTU35556",0.0232558139534884,"Bacteria","Proteobacteria","Betaproteobacteria","Burkholderiales","Oxalobacteraceae","Herbaspirillum"
"OTU17167","OTU17167",0.127906976744186,"Bacteria","Chlamydiae","Chlamydiia","Chlamydiales","uncl_Chlamydiales","uncl_Chlamydiales"
"OTU3529","OTU3529",0.0348837209302326,"Bacteria","Firmicutes","Clostridia","Clostridiales","Clostridiaceae_1","Clostridium_sensu_stricto"
"OTU1506","OTU1506",0.116279069767442,"Bacteria","Proteobacteria","Alphaproteobacteria","Rhizobiales","Beijerinckiaceae","Beijerinckia"
"OTU747","OTU747",0.0930232558139535,"Bacteria","Firmicutes","Bacilli","Bacillales","Staphylococcaceae","Staphylococcus"
"OTU10159","OTU10159",0.0116279069767442,"Bacteria","Proteobacteria","Gammaproteobacteria","Alteromonadales","Colwelliaceae","Colwellia"
"OTU31549","OTU31549",0.0116279069767442,"Bacteria","Acidobacteria","Acidobacteria_Gp20","uncl_Acidobacteria_Gp20","uncl_Acidobacteria_Gp20","Gp20"
"OTU1673","OTU1673",0.255813953488372,"Bacteria","Bacteroidetes","Chitinophagia","Chitinophagales","Chitinophagaceae","Sediminibacterium"
"OTU14854","OTU14854",0.244186046511628,"Bacteria","Proteobacteria","Gammaproteobacteria","Enterobacterales","Enterobacteriaceae","uncl_Enterobacteriaceae"
"OTU11845","OTU11845",0.0697674418604651,"Bacteria","Rhodothermaeota","Rhodothermia","Rhodothermales","Rubricoccaceae","Rubrivirga"
"OTU13486","OTU13486",0.0465116279069767,"Bacteria","Firmicutes","Bacilli","Bacillales","Thermoactinomycetaceae_1","uncl_Thermoactinomycetaceae_1"
"OTU1162","OTU1162",0.0581395348837209,"Bacteria","Firmicutes","Bacilli","Bacillales","Bacillaceae_1","Domibacillus"
"OTU3182","OTU3182",0.779069767441861,"Bacteria","Gemmatimonadetes","Gemmatimonadetes","Gemmatimonadales","Gemmatimonadaceae","Roseisolibacter"
"OTU3610","OTU3610",0.0348837209302326,"Bacteria","Proteobacteria","Deltaproteobacteria","Desulfuromonadales","Geobacteraceae","uncl_Geobacteraceae"
"OTU1716","OTU1716",0.0930232558139535,"Bacteria","Actinobacteria","Actinobacteria","Catenulisporales","Catenulisporaceae","Catenulispora"
"OTU7433","OTU7433",0.0116279069767442,"Bacteria","Proteobacteria","Alphaproteobacteria","Rhodobacterales","Rhodobacteraceae","Sulfitobacter"
"OTU65528","OTU65528",0.0930232558139535,"Bacteria","Bacteroidetes","Chitinophagia","Chitinophagales","Chitinophagaceae","Paraflavitalea"
"OTU1373","OTU1373",0.116279069767442,"Bacteria","Actinobacteria","Actinobacteria","Jiangellales","Jiangellaceae","Jiangella"
"OTU8921","OTU8921",0.0581395348837209,"Bacteria","Proteobacteria","Gammaproteobacteria","Nevskiales","Nevskiaceae","uncl_Nevskiaceae"
"OTU8388","OTU8388",0.162790697674419,"Bacteria","Firmicutes","Bacilli","Bacillales","Paenibacillaceae_1","Cohnella"
"OTU13191","OTU13191",0.0581395348837209,"Bacteria","Verrucomicrobia","Verrucomicrobiae","Verrucomicrobiales","Verrucomicrobiaceae","Verrucomicrobium"
"OTU61067","OTU61067",0.127906976744186,"Bacteria","Proteobacteria","Alphaproteobacteria","Rhizobiales","Xanthobacteraceae","uncl_Xanthobacteraceae"
"OTU635","OTU635",0.313953488372093,"Bacteria","Proteobacteria","Betaproteobacteria","Burkholderiales","Burkholderiaceae","Cupriavidus"
"OTU3669","OTU3669",0.0930232558139535,"Bacteria","Proteobacteria","Alphaproteobacteria","Rhodospirillales","Acetobacteraceae","Caldovatus"
"OTU10597","OTU10597",0.0465116279069767,"Bacteria","Proteobacteria","Betaproteobacteria","Rhodocyclales","uncl_Rhodocyclales","uncl_Rhodocyclales"
"OTU4309","OTU4309",0.0116279069767442,"Bacteria","Proteobacteria","Alphaproteobacteria","Micropepsales","uncl_Micropepsales","uncl_Micropepsales"
"OTU4142","OTU4142",0.186046511627907,"Bacteria","Bacteroidetes","Cytophagia","Cytophagales","Hymenobacteraceae","uncl_Hymenobacteraceae"
"OTU77923","OTU77923",0.151162790697674,"Bacteria","Proteobacteria","Alphaproteobacteria","Caulobacterales","uncl_Caulobacterales","uncl_Caulobacterales"
"OTU4043","OTU4043",0.0348837209302326,"Bacteria","Proteobacteria","Betaproteobacteria","Nitrosomonadales","Nitrosomonadaceae","Nitrosospira"
"OTU11758","OTU11758",0.0348837209302326,"Bacteria","Proteobacteria","Betaproteobacteria","Nitrosomonadales","Nitrosomonadaceae","Nitrosomonas"
"OTU1745","OTU1745",0.0232558139534884,"Bacteria","Proteobacteria","Gammaproteobacteria","Nevskiales","Nevskiaceae","Nevskia"
"OTU2870","OTU2870",0.13953488372093,"Bacteria","Actinobacteria","Actinobacteria","Mycobacteriales","uncl_Mycobacteriales","uncl_Mycobacteriales"
"OTU122","OTU122",0.174418604651163,"Bacteria","Acidobacteria","Acidobacteria_Gp2","uncl_Acidobacteria_Gp2","uncl_Acidobacteria_Gp2","Gp2"
"OTU5268","OTU5268",0.0813953488372093,"Bacteria","Proteobacteria","Alphaproteobacteria","Rickettsiales","Rickettsiaceae","Rickettsia"
"OTU4002","OTU4002",0.162790697674419,"Bacteria","Proteobacteria","Betaproteobacteria","Nitrosomonadales","Methylophilaceae","uncl_Methylophilaceae"
"OTU613","OTU613",0.0697674418604651,"Bacteria","Firmicutes","Bacilli","Lactobacillales","Lactobacillaceae","Limosilactobacillus"
"OTU92016","OTU92016",0.0465116279069767,"Bacteria","Proteobacteria","Alphaproteobacteria","Rhizobiales","Roseiarcaceae","uncl_Roseiarcaceae"
"OTU917","OTU917",0.0348837209302326,"Bacteria","Firmicutes","Bacilli","Lactobacillales","Enterococcaceae","Enterococcus"
"OTU13728","OTU13728",0.0348837209302326,"Bacteria","Bacteroidetes","Chitinophagia","Chitinophagales","Chitinophagaceae","Flaviaesturariibacter"
"OTU50191","OTU50191",0.0116279069767442,"Bacteria","Abditibacteriota","Abditibacteria","uncl_Abditibacteria","uncl_Abditibacteria","uncl_Abditibacteria"
"OTU811","OTU811",0.0930232558139535,"Bacteria","Firmicutes","Bacilli","Bacillales","Listeriaceae","Listeria"
"OTU1033","OTU1033",0.604651162790698,"Bacteria","Bacteroidetes","Flavobacteriia","Flavobacteriales","Cryomorphaceae","Fluviicola"
"OTU49250","OTU49250",0.0116279069767442,"Bacteria","Cyanobacteria","Cyanobacteria","uncl_Cyanobacteria","Family_I","Aliterella"
"OTU45579","OTU45579",0.27906976744186,"Bacteria","Firmicutes","Bacilli","Bacillales","Bacillaceae_1","uncl_Bacillaceae_1"
"OTU94283","OTU94283",0.0232558139534884,"Bacteria","Planctomycetes","Planctomycetacia","Planctomycetales","Isosphaeraceae","Aquisphaera"
"OTU1063","OTU1063",0.0930232558139535,"Bacteria","Armatimonadetes","Chthonomonadetes","Chthonomonadales","Chthonomonadaceae","uncl_Chthonomonadaceae"
"OTU564","OTU564",0.0348837209302326,"Bacteria","Bacteroidetes","Chitinophagia","Chitinophagales","Chitinophagaceae","Puia"
"OTU34544","OTU34544",0.0581395348837209,"Bacteria","BRC1","uncl_BRC1","uncl_BRC1","uncl_BRC1","uncl_BRC1"
"OTU3158","OTU3158",0.0930232558139535,"Bacteria","Actinobacteria","Actinobacteria","Micromonosporales","Micromonosporaceae","Hamadaea"
"OTU15956","OTU15956",0.0465116279069767,"Bacteria","Bacteroidetes","Flavobacteriia","uncl_Flavobacteriia","uncl_Flavobacteriia","uncl_Flavobacteriia"
"OTU13299","OTU13299",0.244186046511628,"Bacteria","Verrucomicrobia","Subdivision3","uncl_Subdivision3","uncl_Subdivision3","uncl_Subdivision3"
"OTU6270","OTU6270",0.0930232558139535,"Bacteria","Candidatus_Saccharibacteria","uncl_Candidatus_Saccharibacteria","uncl_Candidatus_Saccharibacteria","uncl_Candidatus_Saccharibacteria","uncl_Candidatus_Saccharibacteria"
"OTU51747","OTU51747",0.0116279069767442,"Bacteria","Proteobacteria","Gammaproteobacteria","Oceanospirillales","Oceanospirillales_incertae_sedis","Pseudohongiella"
"OTU2043","OTU2043",0.0581395348837209,"Bacteria","Firmicutes","Bacilli","Bacillales","Paenibacillaceae_2","Oxalophagus"
"OTU5770","OTU5770",0.0232558139534884,"Bacteria","Firmicutes","Erysipelotrichia","Erysipelotrichales","Erysipelotrichaceae","Turicibacter"
"OTU3837","OTU3837",0.0232558139534884,"Bacteria","Chloroflexi","Ktedonobacteria","Ktedonobacterales","Ktedonobacteraceae","Ktedonobacter"
"OTU2801","OTU2801",0.104651162790698,"Bacteria","Chloroflexi","Caldilineae","Caldilineales","uncl_Caldilineales","uncl_Caldilineales"
"OTU222","OTU222",0.0581395348837209,"Bacteria","Bacteroidetes","Sphingobacteriia","Sphingobacteriales","Sphingobacteriaceae","Sphingobacterium"
"OTU6750","OTU6750",0.0348837209302326,"Bacteria","Proteobacteria","Gammaproteobacteria","Legionellales","Coxiellaceae","Diplorickettsia"
"OTU4522","OTU4522",0.0465116279069767,"Bacteria","Actinobacteria","Actinobacteria","Micrococcales","Bogoriellaceae","Georgenia"
"OTU3517","OTU3517",0.0348837209302326,"Bacteria","Actinobacteria","Actinobacteria","Propionibacteriales","Actinopolymorphaceae","Flindersiella"
"OTU5472","OTU5472",0.0232558139534884,"Bacteria","Bacteroidetes","Chitinophagia","Chitinophagales","Chitinophagaceae","Arvibacter"
"OTU3778","OTU3778",0.0116279069767442,"Bacteria","Balneolaeota","Balneolia","Balneolales","Balneolaceae","Balneola"
"OTU1286","OTU1286",0.0232558139534884,"Bacteria","Proteobacteria","Alphaproteobacteria","Rhizobiales","Kaistiaceae","Kaistia"
"OTU17541","OTU17541",0.0116279069767442,"Bacteria","Cyanobacteria","Cyanobacteria","uncl_Cyanobacteria","Family_I","Halotia"
"OTU17374","OTU17374",0.0116279069767442,"Bacteria","Bacteroidetes","Flavobacteriia","Flavobacteriales","Cryomorphaceae","uncl_Cryomorphaceae"
"OTU12616","OTU12616",0.0348837209302326,"Bacteria","Bacteroidetes","Chitinophagia","Chitinophagales","Chitinophagaceae","Cnuella"
"OTU2058","OTU2058",0.0697674418604651,"Bacteria","Chloroflexi","Chloroflexia","uncl_Chloroflexia","uncl_Chloroflexia","uncl_Chloroflexia"
"OTU245","OTU245",0.0581395348837209,"Bacteria","Proteobacteria","Gammaproteobacteria","Xanthomonadales","Rhodanobacteraceae","Dokdonella"
"OTU11348","OTU11348",0.0465116279069767,"Bacteria","Firmicutes","Bacilli","Bacillales","Planococcaceae","Sporosarcina"
"OTU9271","OTU9271",0.0581395348837209,"Bacteria","Verrucomicrobia","Verrucomicrobiae","Verrucomicrobiales","Verrucomicrobiaceae","Phragmitibacter"
"OTU3061","OTU3061",0.0813953488372093,"Bacteria","Proteobacteria","Betaproteobacteria","Burkholderiales","Alcaligenaceae","uncl_Alcaligenaceae"
"OTU39872","OTU39872",0.0116279069767442,"Bacteria","Tenericutes","Mollicutes","Entomoplasmatales","uncl_Entomoplasmatales","uncl_Entomoplasmatales"
"OTU28465","OTU28465",0.0116279069767442,"Bacteria","Firmicutes","Bacilli","Lactobacillales","Lactobacillaceae","Latilactobacillus"
"OTU474","OTU474",0.0232558139534884,"Bacteria","Proteobacteria","Alphaproteobacteria","Rhizobiales","Xanthobacteraceae","Ancylobacter"
"OTU7853","OTU7853",0.0465116279069767,"Bacteria","Verrucomicrobia","Verrucomicrobiae","Verrucomicrobiales","Verrucomicrobiaceae","Brevifollis"
"OTU1138","OTU1138",0.0116279069767442,"Bacteria","Actinobacteria","Actinobacteria","Catenulisporales","Actinospicaceae","Actinospica"
"OTU21220","OTU21220",0.0116279069767442,"Bacteria","Actinobacteria","Actinobacteria","Micrococcales","Dermacoccaceae","Luteipulveratus"
"OTU3694","OTU3694",0.0116279069767442,"Bacteria","Proteobacteria","Betaproteobacteria","Nitrosomonadales","Methylophilaceae","Methylovorus"
"OTU17077","OTU17077",0.0581395348837209,"Bacteria","Proteobacteria","Gammaproteobacteria","Legionellales","Coxiellaceae","uncl_Coxiellaceae"
"OTU1173","OTU1173",0.0581395348837209,"Bacteria","Proteobacteria","Alphaproteobacteria","Rhodospirillales","Rhodospirillaceae","Tagaea"
"OTU69119","OTU69119",0.0581395348837209,"Bacteria","Firmicutes","Bacilli","Bacillales","Bacillaceae_1","Mesobacillus"
"OTU1589","OTU1589",0.0232558139534884,"Bacteria","Proteobacteria","Gammaproteobacteria","Nevskiales","Nevskiaceae","Hydrocarboniphaga"
"OTU3788","OTU3788",0.0465116279069767,"Bacteria","Planctomycetes","Planctomycetacia","Planctomycetales","Gemmataceae","Limnoglobus"
"OTU11377","OTU11377",0.0232558139534884,"Bacteria","Actinobacteria","Actinobacteria","Streptosporangiales","Nocardiopsaceae","Nocardiopsis"
"OTU4578","OTU4578",0.0232558139534884,"Bacteria","Firmicutes","Bacilli","Bacillales","Bacillales_Incertae_Sedis_XII","Exiguobacterium"
"OTU342","OTU342",0.116279069767442,"Bacteria","Firmicutes","Bacilli","Bacillales","Bacillaceae_1","Fictibacillus"
"OTU6715","OTU6715",0.0116279069767442,"Bacteria","Actinobacteria","Actinobacteria","Mycobacteriales","Nocardiaceae","uncl_Nocardiaceae"
"OTU23870","OTU23870",0.0465116279069767,"Bacteria","Proteobacteria","Alphaproteobacteria","Rickettsiales","Rickettsiaceae","uncl_Rickettsiaceae"
"OTU80","OTU80",0.0116279069767442,"Bacteria","Proteobacteria","Alphaproteobacteria","Rhizobiales","Pleomorphomonadaceae","Pleomorphomonas"
"OTU336","OTU336",0.651162790697674,"Bacteria","Proteobacteria","Alphaproteobacteria","Rhodospirillales","Azospirillaceae","uncl_Azospirillaceae"
"OTU3628","OTU3628",0.186046511627907,"Bacteria","Firmicutes","Bacilli","Bacillales","Alicyclobacillaceae","Tumebacillus"
"OTU6293","OTU6293",0.116279069767442,"Bacteria","Proteobacteria","Gammaproteobacteria","Cellvibrionales","Cellvibrionaceae","Cellvibrio"
"OTU19442","OTU19442",0.0232558139534884,"Bacteria","Rhodothermaeota","Rhodothermia","Rhodothermales","Rubricoccaceae","uncl_Rubricoccaceae"
"OTU2943","OTU2943",0.0930232558139535,"Bacteria","Firmicutes","Bacilli","Bacillales","Paenibacillaceae_1","Brevibacillus"
"OTU13030","OTU13030",0.0232558139534884,"Bacteria","Bacteroidetes","Chitinophagia","Chitinophagales","Chitinophagaceae","Paracnuella"
"OTU8967","OTU8967",0.255813953488372,"Bacteria","Chloroflexi","Chloroflexia","Chloroflexales","Oscillochloridaceae","uncl_Oscillochloridaceae"
"OTU4876","OTU4876",0.0116279069767442,"Bacteria","Proteobacteria","Betaproteobacteria","Burkholderiales","Comamonadaceae","Hydrogenophaga"
"OTU23121","OTU23121",0.0116279069767442,"Bacteria","Actinobacteria","Actinobacteria","Pseudonocardiales","Pseudonocardiaceae","Saccharopolyspora"
"OTU13320","OTU13320",0.0348837209302326,"Bacteria","Firmicutes","Bacilli","Bacillales","Thermoactinomycetaceae_1","Shimazuella"
"OTU17437","OTU17437",0.104651162790698,"Bacteria","Actinobacteria","Actinobacteria","Micrococcales","uncl_Micrococcales","uncl_Micrococcales"
"OTU483","OTU483",0.0930232558139535,"Bacteria","Proteobacteria","Betaproteobacteria","Nitrosomonadales","Methylophilaceae","Methylophilus"
"OTU8817","OTU8817",0.0813953488372093,"Bacteria","Proteobacteria","Deltaproteobacteria","Myxococcales","Anaeromyxobacteraceae","Anaeromyxobacter"
"OTU4105","OTU4105",0.0232558139534884,"Bacteria","Proteobacteria","Betaproteobacteria","Burkholderiales","Alcaligenaceae","Achromobacter"
"OTU1267","OTU1267",0.0232558139534884,"Bacteria","Proteobacteria","Betaproteobacteria","Burkholderiales","Burkholderiaceae","Trinickia"
"OTU17827","OTU17827",0.0232558139534884,"Bacteria","Bacteroidetes","Saprospiria","uncl_Saprospiria","uncl_Saprospiria","uncl_Saprospiria"
"OTU9782","OTU9782",0.0697674418604651,"Bacteria","Bacteroidetes","Cytophagia","Cytophagales","Cytophagaceae","Emticicia"
"OTU1651","OTU1651",0.0581395348837209,"Bacteria","Proteobacteria","Oligoflexia","Oligoflexales","Oligoflexaceae","Oligoflexus"
"OTU29096","OTU29096",0.0232558139534884,"Bacteria","Actinobacteria","Actinobacteria","Streptomycetales","Streptomycetaceae","uncl_Streptomycetaceae"
"OTU18216","OTU18216",0.0232558139534884,"Bacteria","Firmicutes","Bacilli","Bacillales","Bacillales_Incertae_Sedis_XI","Gemella"
"OTU2231","OTU2231",0.0116279069767442,"Bacteria","Firmicutes","Clostridia","Clostridiales","Peptostreptococcaceae","Romboutsia"
"OTU4505","OTU4505",0.0697674418604651,"Bacteria","Chloroflexi","Ktedonobacteria","Ktedonobacterales","Dictyobacteraceae","uncl_Dictyobacteraceae"
"OTU4201","OTU4201",0.0116279069767442,"Bacteria","Proteobacteria","Alphaproteobacteria","Rhodospirillales","Rhodospirillaceae","Magnetospirillum"
"OTU1948","OTU1948",0.0116279069767442,"Bacteria","Actinobacteria","Actinobacteria","Propionibacteriales","Propionibacteriaceae","Propionicimonas"
"OTU11930","OTU11930",0.0581395348837209,"Bacteria","Proteobacteria","Betaproteobacteria","Nitrosomonadales","uncl_Nitrosomonadales","uncl_Nitrosomonadales"
"OTU18838","OTU18838",0.0116279069767442,"Bacteria","Proteobacteria","Alphaproteobacteria","Rhodospirillales","Acetobacteraceae","Rubritepida"
"OTU8340","OTU8340",0.0116279069767442,"Bacteria","Bacteroidetes","Flavobacteriia","Flavobacteriales","Weeksellaceae","Cloacibacterium"
"OTU4871","OTU4871",0.0348837209302326,"Bacteria","Proteobacteria","Deltaproteobacteria","Myxococcales","Anaeromyxobacteraceae","uncl_Anaeromyxobacteraceae"
"OTU74129","OTU74129",0.0116279069767442,"Bacteria","Proteobacteria","Gammaproteobacteria","Legionellales","Legionellaceae","uncl_Legionellaceae"
"OTU15539","OTU15539",0.0116279069767442,"Bacteria","Acidobacteria","Acidobacteria_Gp7","uncl_Acidobacteria_Gp7","uncl_Acidobacteria_Gp7","uncl_Acidobacteria_Gp7"
"OTU27117","OTU27117",0.0116279069767442,"Bacteria","Proteobacteria","Alphaproteobacteria","Caulobacterales","Hyphomonadaceae","uncl_Hyphomonadaceae"
"OTU2866","OTU2866",0.186046511627907,"Bacteria","Proteobacteria","Gammaproteobacteria","Nevskiales","uncl_Nevskiales","uncl_Nevskiales"
"OTU16984","OTU16984",0.0465116279069767,"Bacteria","Proteobacteria","Oligoflexia","Silvanigrellales","Silvanigrellaceae","Silvanigrella"
"OTU983","OTU983",0.104651162790698,"Bacteria","Chloroflexi","Ktedonobacteria","uncl_Ktedonobacteria","uncl_Ktedonobacteria","uncl_Ktedonobacteria"
"OTU3450","OTU3450",0.0232558139534884,"Bacteria","Bacteroidetes","Chitinophagia","Chitinophagales","Chitinophagaceae","Lacibacter"
"OTU6057","OTU6057",0.0697674418604651,"Bacteria","Bacteroidetes","Chitinophagia","Chitinophagales","Chitinophagaceae","Parasegetibacter"
"OTU2690","OTU2690",0.0813953488372093,"Bacteria","Latescibacteria","uncl_Latescibacteria","uncl_Latescibacteria","uncl_Latescibacteria","Latescibacteria_genera_incertae_sedis"
"OTU2273","OTU2273",0.174418604651163,"Bacteria","Acidobacteria","Blastocatellia","Blastocatellales","Arenimicrobiaceae","Brevitalea"
"OTU48946","OTU48946",0.0465116279069767,"Bacteria","Chloroflexi","Caldilineae","uncl_Caldilineae","uncl_Caldilineae","uncl_Caldilineae"
"OTU3926","OTU3926",0.0348837209302326,"Bacteria","Acidobacteria","Acidobacteria_Gp22","uncl_Acidobacteria_Gp22","uncl_Acidobacteria_Gp22","Gp22"
"OTU3070","OTU3070",0.0465116279069767,"Bacteria","Firmicutes","Bacilli","Bacillales","Planococcaceae","Solibacillus"
"OTU4767","OTU4767",0.0465116279069767,"Bacteria","Proteobacteria","Alphaproteobacteria","Rhizobiales","Ancalomicrobiaceae","Prosthecomicrobium"
"OTU8824","OTU8824",0.0348837209302326,"Bacteria","Latescibacteria","uncl_Latescibacteria","uncl_Latescibacteria","uncl_Latescibacteria","uncl_Latescibacteria"
"OTU3678","OTU3678",0.0581395348837209,"Bacteria","Acidobacteria","Acidobacteria_Gp18","uncl_Acidobacteria_Gp18","uncl_Acidobacteria_Gp18","Gp18"
"OTU43829","OTU43829",0.0232558139534884,"Bacteria","Chlamydiae","Chlamydiia","uncl_Chlamydiia","uncl_Chlamydiia","uncl_Chlamydiia"
"OTU5942","OTU5942",0.290697674418605,"Bacteria","Proteobacteria","Gammaproteobacteria","Legionellales","Coxiellaceae","Aquicella"
"OTU5611","OTU5611",0.0116279069767442,"Bacteria","Firmicutes","Clostridia","Clostridiales","Lachnospiraceae","uncl_Lachnospiraceae"
"OTU2218","OTU2218",0.0116279069767442,"Bacteria","Bacteroidetes","Chitinophagia","Chitinophagales","Chitinophagaceae","Flavihumibacter"
"OTU2016","OTU2016",0.0581395348837209,"Bacteria","Armatimonadetes","Fimbriimonadia","uncl_Fimbriimonadia","uncl_Fimbriimonadia","uncl_Fimbriimonadia"
"OTU50871","OTU50871",0.0232558139534884,"Bacteria","Firmicutes","Clostridia","Clostridiales","Clostridiaceae_1","uncl_Clostridiaceae_1"
"OTU7765","OTU7765",0.0116279069767442,"Bacteria","Actinobacteria","Actinobacteria","Bifidobacteriales","Bifidobacteriaceae","Gardnerella"
"OTU8344","OTU8344",0.0232558139534884,"Bacteria","Firmicutes","Negativicutes","Selenomonadales","Sporomusaceae","Sporomusa"
"OTU2521","OTU2521",0.0232558139534884,"Bacteria","Firmicutes","Bacilli","Bacillales","Thermoactinomycetaceae_1","Risungbinella"
"OTU5513","OTU5513",0.0116279069767442,"Bacteria","Bacteroidetes","Chitinophagia","Chitinophagales","Chitinophagaceae","Filimonas"
"OTU12089","OTU12089",0.0116279069767442,"Bacteria","Proteobacteria","Gammaproteobacteria","Nevskiales","Nevskiaceae","Solimonas"
"OTU48363","OTU48363",0.0232558139534884,"Bacteria","Actinobacteria","Actinobacteria","Micrococcales","Dermabacteraceae","Brachybacterium"
"OTU10491","OTU10491",0.0116279069767442,"Bacteria","Cyanobacteria","Cyanobacteria","uncl_Cyanobacteria","Family_IV","GpIV"
"OTU1718","OTU1718",0.0930232558139535,"Bacteria","Proteobacteria","Deltaproteobacteria","Bdellovibrionales","Bdellovibrionaceae","Vampirovibrio"
"OTU15099","OTU15099",0.0116279069767442,"Bacteria","Proteobacteria","Gammaproteobacteria","Nevskiales","Nevskiaceae","Panacagrimonas"
"OTU12343","OTU12343",0.0116279069767442,"Bacteria","Firmicutes","Bacilli","uncl_Bacilli","uncl_Bacilli","uncl_Bacilli"
"OTU34710","OTU34710",0.0116279069767442,"Bacteria","Bacteroidetes","Bacteroidia","Bacteroidales","Prevotellaceae","uncl_Prevotellaceae"
"OTU36220","OTU36220",0.0232558139534884,"Bacteria","Chlamydiae","uncl_Chlamydiae","uncl_Chlamydiae","uncl_Chlamydiae","uncl_Chlamydiae"
"OTU8675","OTU8675",0.0116279069767442,"Bacteria","Proteobacteria","Deltaproteobacteria","Desulfovibrionales","uncl_Desulfovibrionales","uncl_Desulfovibrionales"
"OTU11814","OTU11814",0.0348837209302326,"Bacteria","Firmicutes","Bacilli","Bacillales","Bacillaceae_2","Oceanobacillus"
"OTU16363","OTU16363",0.0116279069767442,"Bacteria","Actinobacteria","Actinobacteria","Micrococcales","Microbacteriaceae","Leucobacter"
"OTU6850","OTU6850",0.0232558139534884,"Bacteria","Chloroflexi","Anaerolineae","Anaerolineales","uncl_Anaerolineales","uncl_Anaerolineales"
"OTU2010","OTU2010",0.0348837209302326,"Bacteria","Proteobacteria","Gammaproteobacteria","Acidiferrobacterales","uncl_Acidiferrobacterales","uncl_Acidiferrobacterales"
"OTU4991","OTU4991",0.0116279069767442,"Bacteria","Firmicutes","Bacilli","Bacillales","Paenibacillaceae_1","Saccharibacillus"
"OTU7545","OTU7545",0.0116279069767442,"Bacteria","Rhodothermaeota","uncl_Rhodothermaeota","uncl_Rhodothermaeota","uncl_Rhodothermaeota","uncl_Rhodothermaeota"
"OTU13763","OTU13763",0.0813953488372093,"Bacteria","Proteobacteria","Gammaproteobacteria","Legionellales","uncl_Legionellales","uncl_Legionellales"
"OTU21420","OTU21420",0.0116279069767442,"Bacteria","Actinobacteria","Actinobacteria","Kineosporiales","Kineosporiaceae","Pseudokineococcus"
"OTU50199","OTU50199",0.0116279069767442,"Bacteria","Firmicutes","Bacilli","Bacillales","Bacillaceae_2","uncl_Bacillaceae_2"
"OTU7687","OTU7687",0.395348837209302,"Bacteria","Acidobacteria","Acidobacteria_Gp1","uncl_Acidobacteria_Gp1","uncl_Acidobacteria_Gp1","uncl_Acidobacteria_Gp1"
"OTU27336","OTU27336",0.0116279069767442,"Bacteria","Bacteroidetes","Cytophagia","Cytophagales","Cytophagaceae","Nibrella"
"OTU11515","OTU11515",0.302325581395349,"Bacteria","Proteobacteria","Gammaproteobacteria","Legionellales","Legionellaceae","Legionella"
"OTU58595","OTU58595",0.0232558139534884,"Bacteria","Actinobacteria","Actinobacteria","Pseudonocardiales","uncl_Pseudonocardiales","uncl_Pseudonocardiales"
"OTU24234","OTU24234",0.0232558139534884,"Bacteria","Proteobacteria","Alphaproteobacteria","Rickettsiales","uncl_Rickettsiales","uncl_Rickettsiales"
"OTU72214","OTU72214",0.0116279069767442,"Bacteria","Firmicutes","Bacilli","Lactobacillales","Lactobacillaceae","Lactobacillus"
"OTU13811","OTU13811",0.0232558139534884,"Bacteria","Firmicutes","Clostridia","Clostridiales","uncl_Clostridiales","uncl_Clostridiales"
"OTU1450","OTU1450",0.0930232558139535,"Bacteria","Proteobacteria","Betaproteobacteria","Burkholderiales","Burkholderiaceae","uncl_Burkholderiaceae"
"OTU5788","OTU5788",0.0813953488372093,"Bacteria","Firmicutes","Bacilli","Bacillales","Paenibacillaceae_1","uncl_Paenibacillaceae_1"
"OTU17871","OTU17871",0.0116279069767442,"Bacteria","Tenericutes","Mollicutes","Acholeplasmatales","Acholeplasmataceae","Acholeplasma"
"OTU22617","OTU22617",0.0116279069767442,"Bacteria","Proteobacteria","Betaproteobacteria","Neisseriales","Neisseriaceae","Neisseria"
"OTU37983","OTU37983",0.0697674418604651,"Bacteria","Tenericutes","Mollicutes","uncl_Mollicutes","uncl_Mollicutes","uncl_Mollicutes"
"OTU15604","OTU15604",0.0116279069767442,"Bacteria","Actinobacteria","Actinobacteria","Pseudonocardiales","Pseudonocardiaceae","Prauserella"
"OTU50152","OTU50152",0.0116279069767442,"Archaea","Euryarchaeota","Methanobacteria","Methanobacteriales","Methanobacteriaceae","Methanobrevibacter"
"OTU8362","OTU8362",0.0116279069767442,"Bacteria","Proteobacteria","Betaproteobacteria","Nitrosomonadales","Sterolibacteriaceae","Georgfuchsia"
"OTU5384","OTU5384",0.0465116279069767,"Bacteria","Actinobacteria","Actinobacteria","Micrococcales","Brevibacteriaceae","Brevibacterium"
"OTU8004","OTU8004",0.0232558139534884,"Bacteria","Proteobacteria","Oligoflexia","uncl_Oligoflexia","uncl_Oligoflexia","uncl_Oligoflexia"
"OTU18191","OTU18191",0.0348837209302326,"Bacteria","Cyanobacteria","Cyanobacteria","uncl_Cyanobacteria","Family_I","GpI"
"OTU24540","OTU24540",0.0232558139534884,"Bacteria","Armatimonadetes","Chthonomonadetes","uncl_Chthonomonadetes","uncl_Chthonomonadetes","uncl_Chthonomonadetes"
"OTU13691","OTU13691",0.0116279069767442,"Bacteria","Acidobacteria","Acidobacteria_Gp13","uncl_Acidobacteria_Gp13","uncl_Acidobacteria_Gp13","Gp13"
"OTU69283","OTU69283",0.0116279069767442,"Bacteria","Firmicutes","Clostridia","Clostridiales","Peptoniphilaceae","Anaerococcus"
"OTU15925","OTU15925",0.0116279069767442,"Bacteria","Proteobacteria","Gammaproteobacteria","Pseudomonadales","Moraxellaceae","uncl_Moraxellaceae"
"OTU56672","OTU56672",0.0116279069767442,"Bacteria","Firmicutes","Clostridia","Clostridiales","Peptostreptococcaceae","Peptostreptococcus"
"OTU3437","OTU3437",0.0232558139534884,"Bacteria","Proteobacteria","Betaproteobacteria","Rhodocyclales","Zoogloeaceae","uncl_Zoogloeaceae"
"OTU18560","OTU18560",0.0116279069767442,"Bacteria","SR1","uncl_SR1","uncl_SR1","uncl_SR1","SR1_genera_incertae_sedis"
"OTU51637","OTU51637",0.0116279069767442,"Bacteria","Bacteroidetes","Bacteroidia","Bacteroidales","Prevotellaceae","Prevotella"
"OTU19851","OTU19851",0.0116279069767442,"Bacteria","Bacteroidetes","Cytophagia","Cytophagales","Cytophagaceae","Tellurirhabdus"
"OTU43168","OTU43168",0.0116279069767442,"Bacteria","Bacteroidetes","Cytophagia","Cytophagales","Cytophagaceae","Siphonobacter"
"OTU79773","OTU79773",0.0116279069767442,"Bacteria","Cyanobacteria","Cyanobacteria","uncl_Cyanobacteria","Family_V","uncl_Family_V"
"OTU3000","OTU3000",0.0116279069767442,"Bacteria","Firmicutes","Bacilli","Bacillales","Bacillaceae_2","Pullulanibacillus"
"OTU63086","OTU63086",0.0116279069767442,"Bacteria","Proteobacteria","Deltaproteobacteria","Desulfuromonadales","Geobacteraceae","Geobacter"
"OTU14137","OTU14137",0.0930232558139535,"Bacteria","Chloroflexi","Ktedonobacteria","Ktedonobacterales","Dictyobacteraceae","Dictyobacter"
"OTU33760","OTU33760",0.0116279069767442,"Bacteria","Bacteroidetes","Flavobacteriia","Flavobacteriales","Cryomorphaceae","Brumimicrobium"
"OTU16074","OTU16074",0.0232558139534884,"Bacteria","Cyanobacteria","Cyanobacteria","uncl_Cyanobacteria","Family_I","uncl_Family_I"
"OTU10006","OTU10006",0.0116279069767442,"Bacteria","Proteobacteria","Betaproteobacteria","Burkholderiales","Comamonadaceae","Curvibacter"
"OTU87466","OTU87466",0.104651162790698,"Bacteria","Chlamydiae","Chlamydiia","Chlamydiales","Parachlamydiaceae","uncl_Parachlamydiaceae"
"OTU40947","OTU40947",0.0116279069767442,"Bacteria","Cyanobacteria","Cyanobacteria","uncl_Cyanobacteria","Family_V","GpV"
"OTU21730","OTU21730",0.0116279069767442,"Bacteria","candidate_division_WPS-2","uncl_candidate_division_WPS-2","uncl_candidate_division_WPS-2","uncl_candidate_division_WPS-2","uncl_candidate_division_WPS-2"
"OTU16244","OTU16244",0.0348837209302326,"Bacteria","Firmicutes","Clostridia","Clostridiales","Ruminococcaceae","uncl_Ruminococcaceae"
"OTU23187","OTU23187",0.0116279069767442,"Bacteria","Bacteroidetes","Sphingobacteriia","Sphingobacteriales","Sphingobacteriaceae","Arcticibacter"
