"","Taxa","Occurrence","Domain","Phylum","Class","Order","Family","Genus","Species"
"OTU173","OTU173",0.445652173913043,"Fungi","Ascomycota","Sordariomycetes","Hypocreales","Hypocreaceae","uncl_Hypocreaceae",NA
"OTU236","OTU236",0.66304347826087,"Fungi","Basidiomycota","Agaricomycetes","Agaricales","uncl_Agaricales","uncl_Agaricales",NA
"OTU1","OTU1",1,"Fungi","Ascomycota","uncl_Ascomycota","uncl_Ascomycota","uncl_Ascomycota","uncl_Ascomycota",NA
"OTU713","OTU713",0.0760869565217391,"Fungi","Basidiomycota","Pucciniomycetes","Septobasidiales","Septobasidiaceae","Septobasidium",NA
"OTU156","OTU156",0.684782608695652,"Fungi","Basidiomycota","Agaricomycetes","uncl_Agaricomycetes","uncl_Agaricomycetes","uncl_Agaricomycetes",NA
"OTU561","OTU561",0.402173913043478,"Fungi","Ascomycota","Sordariomycetes","Diaporthales","Diaporthaceae","uncl_Diaporthaceae",NA
"OTU1561","OTU1561",0.0760869565217391,"Fungi","Ascomycota","Dothideomycetes","Pleosporales","Lindgomycetaceae","uncl_Lindgomycetaceae",NA
"OTU3638","OTU3638",0.239130434782609,"Fungi","Ascomycota","Eurotiomycetes","Chaetothyriales","Herpotrichiellaceae","Cladophialophora",NA
"OTU5","OTU5",0.66304347826087,"Fungi","Ascomycota","Dothideomycetes","Pleosporales","Periconiaceae","Periconia",NA
"OTU12","OTU12",0.967391304347826,"Fungi","Ascomycota","Sordariomycetes","Hypocreales","Nectriaceae","Fusarium",NA
"OTU749","OTU749",0.391304347826087,"Fungi","Ascomycota","Dothideomycetes","Pleosporales","Lophiostomataceae","Lophiostoma",NA
"OTU5362","OTU5362",0.0217391304347826,"Fungi","Basidiomycota","Agaricomycetes","Agaricales","Psathyrellaceae","Coprinellus",NA
"OTU2034","OTU2034",0.0326086956521739,"Fungi","Basidiomycota","Agaricomycetes","Agaricales","Lycoperdaceae","uncl_Lycoperdaceae",NA
"OTU24","OTU24",0.619565217391304,"Fungi","Ascomycota","Sordariomycetes","Xylariales","uncl_Xylariales","uncl_Xylariales",NA
"OTU187","OTU187",0.391304347826087,"Fungi","Ascomycota","Sordariomycetes","Diaporthales","uncl_Diaporthales","uncl_Diaporthales",NA
"OTU25","OTU25",0.989130434782609,"Fungi","Ascomycota","Sordariomycetes","uncl_Sordariomycetes","uncl_Sordariomycetes","uncl_Sordariomycetes",NA
"OTU2160","OTU2160",0.0217391304347826,"Fungi","Basidiomycota","Tremellomycetes","Tremellales","Cuniculitremaceae","Kockovaella",NA
"OTU48","OTU48",1,"Fungi","Ascomycota","Dothideomycetes","Pleosporales","uncl_Pleosporales","uncl_Pleosporales",NA
"OTU135","OTU135",0.456521739130435,"Fungi","Ascomycota","Eurotiomycetes","Eurotiales","Aspergillaceae","Talaromyces",NA
"OTU50","OTU50",0.434782608695652,"Fungi","Ascomycota","Leotiomycetes","Helotiales","Hyaloscyphaceae","Lachnum",NA
"OTU367","OTU367",0.347826086956522,"Fungi","Ascomycota","Dothideomycetes","Pleosporales","Pleosporaceae","uncl_Pleosporaceae",NA
"OTU100","OTU100",0.5,"Fungi","Basidiomycota","Agaricomycetes","Agaricales","Marasmiaceae","uncl_Marasmiaceae",NA
"OTU225","OTU225",0.271739130434783,"Fungi","Ascomycota","Sordariomycetes","Hypocreales","Hypocreales_fam_Incertae_sedis","Acremonium",NA
"OTU53","OTU53",0.695652173913043,"Fungi","Ascomycota","Sordariomycetes","Hypocreales","Nectriaceae","uncl_Nectriaceae",NA
"OTU76","OTU76",0.543478260869565,"Fungi","Ascomycota","Sordariomycetes","Myrmecridiales","Myrmecridiaceae","Myrmecridium",NA
"OTU721","OTU721",0.0217391304347826,"Fungi","Basidiomycota","Pucciniomycetes","Septobasidiales","Septobasidiaceae","uncl_Septobasidiaceae",NA
"OTU149","OTU149",0.652173913043478,"Fungi","Ascomycota","Dothideomycetes","Pleosporales","Didymosphaeriaceae","uncl_Didymosphaeriaceae",NA
"OTU30","OTU30",0.510869565217391,"Fungi","Ascomycota","Lecanoromycetes","uncl_Lecanoromycetes","uncl_Lecanoromycetes","uncl_Lecanoromycetes",NA
"OTU830","OTU830",0.33695652173913,"Fungi","Ascomycota","Sordariomycetes","Xylariales","Xylariaceae","Nemania",NA
"OTU293","OTU293",0.66304347826087,"Fungi","Ascomycota","Dothideomycetes","Pleosporales","Pleosporaceae","Curvularia",NA
"OTU1736","OTU1736",0.184782608695652,"Fungi","Basidiomycota","Agaricomycetes","Cantharellales","Tulasnellaceae","uncl_Tulasnellaceae",NA
"OTU94","OTU94",0.521739130434783,"Fungi","Ascomycota","Sordariomycetes","Magnaporthales","Magnaporthaceae","Magnaporthiopsis",NA
"OTU1170","OTU1170",0.369565217391304,"Fungi","Ascomycota","Eurotiomycetes","Chaetothyriales","Herpotrichiellaceae","Veronaea",NA
"OTU4125","OTU4125",0.119565217391304,"Fungi","Ascomycota","Dothideomycetes","Mycosphaerellales","Teratosphaeriaceae","Elasticomyces",NA
"OTU256","OTU256",0.402173913043478,"Fungi","Ascomycota","Dothideomycetes","Dothideales","Saccotheciaceae","Aureobasidium",NA
"OTU123","OTU123",0.58695652173913,"Fungi","Ascomycota","Sordariomycetes","Hypocreales","Stachybotryaceae","uncl_Stachybotryaceae",NA
"OTU5708","OTU5708",0.478260869565217,"Fungi","Ascomycota","Sordariomycetes","Xylariales","Diatrypaceae","uncl_Diatrypaceae",NA
"OTU263","OTU263",0.434782608695652,"Fungi","Ascomycota","Leotiomycetes","uncl_Leotiomycetes","uncl_Leotiomycetes","uncl_Leotiomycetes",NA
"OTU1252","OTU1252",0.326086956521739,"Fungi","Basidiomycota","Agaricomycetes","Polyporales","Podoscyphaceae","Podoscypha",NA
"OTU1485","OTU1485",0.315217391304348,"Fungi","Ascomycota","Sordariomycetes","Hypocreales","Ophiocordycipitaceae","uncl_Ophiocordycipitaceae",NA
"OTU1575","OTU1575",0.978260869565217,"Fungi","Mucoromycota","Glomeromycetes","Glomerales","Glomeraceae","uncl_Glomeraceae",NA
"OTU1524","OTU1524",0.0326086956521739,"Fungi","Ascomycota","Dothideomycetes","Gloniales","Gloniaceae","uncl_Gloniaceae",NA
"OTU40","OTU40",0.391304347826087,"Fungi","Basidiomycota","Agaricomycetes","Agaricales","Marasmiaceae","Crinipellis",NA
"OTU432","OTU432",0.0760869565217391,"Fungi","Basidiomycota","Agaricomycetes","Geastrales","uncl_Geastrales","uncl_Geastrales",NA
"OTU2222","OTU2222",0.0978260869565217,"Fungi","Ascomycota","Sordariomycetes","Hypocreales","Cordycipitaceae","Simplicillium",NA
"OTU182","OTU182",0.33695652173913,"Fungi","Ascomycota","Sordariomycetes","Chaetosphaeriales","Chaetosphaeriaceae","Codinaea",NA
"OTU1642","OTU1642",0.293478260869565,"Fungi","Ascomycota","Eurotiomycetes","Eurotiales","Aspergillaceae","Penicillium",NA
"OTU2285","OTU2285",0.195652173913043,"Fungi","Ascomycota","Saccharomycetes","Saccharomycetales","Phaffomycetaceae","Cyberlindnera",NA
"OTU396","OTU396",0.108695652173913,"Fungi","Ascomycota","Dothideomycetes","Pleosporales","Sporormiaceae","Sparticola",NA
"OTU2794","OTU2794",0.358695652173913,"Fungi","Ascomycota","Sordariomycetes","Hypocreales","Hypocreaceae","Trichoderma",NA
"OTU1643","OTU1643",0.141304347826087,"Fungi","Ascomycota","Dothideomycetes","Pleosporales","Pleosporaceae","Alternaria",NA
"OTU1809","OTU1809",0.0760869565217391,"Fungi","Ascomycota","Sordariomycetes","Amphisphaeriales","Pestalotiopsidaceae","uncl_Pestalotiopsidaceae",NA
"OTU14","OTU14",0.402173913043478,"Fungi","Ascomycota","Sordariomycetes","Hypocreales","Bionectriaceae","Ijuhya",NA
"OTU520","OTU520",0.239130434782609,"Fungi","Ascomycota","Sordariomycetes","Trichosphaeriales","Trichosphaeriaceae","Nigrospora",NA
"OTU2378","OTU2378",0.0760869565217391,"Fungi","Basidiomycota","Agaricomycetes","Cantharellales","Tulasnellaceae","Tulasnella",NA
"OTU7437","OTU7437",0.0108695652173913,"Fungi","Chytridiomycota","Spizellomycetes","Spizellomycetales","Powellomycetaceae","Fimicolochytrium",NA
"OTU5041","OTU5041",0.0434782608695652,"Fungi","Basidiomycota","Ustilaginomycetes","Ustilaginales","Ustilaginaceae","Tranzscheliella",NA
"OTU131","OTU131",0.945652173913043,"Fungi","Ascomycota","Sordariomycetes","Sordariales","uncl_Sordariales","uncl_Sordariales",NA
"OTU7416","OTU7416",0.0326086956521739,"Fungi","Ascomycota","Sordariomycetes","Hypocreales","Cordycipitaceae","uncl_Cordycipitaceae",NA
"OTU127","OTU127",0.717391304347826,"Fungi","Ascomycota","Eurotiomycetes","uncl_Eurotiomycetes","uncl_Eurotiomycetes","uncl_Eurotiomycetes",NA
"OTU10922","OTU10922",0.184782608695652,"Fungi","Ascomycota","Dothideomycetes","Pleosporales","Massarinaceae","Stagonospora",NA
"OTU22","OTU22",0.228260869565217,"Fungi","Ascomycota","Leotiomycetes","Helotiales","Mollisiaceae","Mollisia",NA
"OTU632","OTU632",0.445652173913043,"Fungi","Ascomycota","Dothideomycetes","Pleosporales","Phaeosphaeriaceae","uncl_Phaeosphaeriaceae",NA
"OTU2171","OTU2171",0.0760869565217391,"Fungi","Ascomycota","Pezizomycetes","Pezizales","Pyronemataceae","Geopora",NA
"OTU2691","OTU2691",0.0543478260869565,"Fungi","Basidiomycota","Exobasidiomycetes","Exobasidiales","Brachybasidiaceae","Meira",NA
"OTU725","OTU725",0.141304347826087,"Fungi","Ascomycota","Dothideomycetes","Pleosporales","Lentitheciaceae","Keissleriella",NA
"OTU1515","OTU1515",0.152173913043478,"Fungi","Ascomycota","Arthoniomycetes","uncl_Arthoniomycetes","uncl_Arthoniomycetes","uncl_Arthoniomycetes",NA
"OTU277","OTU277",0.0434782608695652,"Fungi","Basidiomycota","Agaricomycetes","Hymenochaetales","Hymenochaetaceae","Hymenochaete",NA
"OTU1935","OTU1935",0.130434782608696,"Fungi","Basidiomycota","Agaricostilbomycetes","Agaricostilbales","Chionosphaeraceae","Kurtzmanomyces",NA
"OTU1523","OTU1523",0.16304347826087,"Fungi","Ascomycota","Dothideomycetes","Capnodiales","Cladosporiaceae","Rachicladosporium",NA
"OTU2584","OTU2584",0.0543478260869565,"Fungi","Basidiomycota","Tremellomycetes","uncl_Tremellomycetes","uncl_Tremellomycetes","uncl_Tremellomycetes",NA
"OTU1348","OTU1348",0.195652173913043,"Fungi","Ascomycota","Dothideomycetes","Pleosporales","Sporormiaceae","uncl_Sporormiaceae",NA
"OTU2759","OTU2759",0.152173913043478,"Fungi","Ascomycota","Arthoniomycetes","Lichenostigmatales","Phaeococcomycetaceae","Phaeococcomyces",NA
"OTU846","OTU846",0.0217391304347826,"Fungi","Ascomycota","Sordariomycetes","Sporidesmiales","uncl_Sporidesmiales","uncl_Sporidesmiales",NA
"OTU1940","OTU1940",0.0760869565217391,"Fungi","Ascomycota","Dothideomycetes","Pleosporales","Melanommataceae","uncl_Melanommataceae",NA
"OTU1852","OTU1852",0.0652173913043478,"Fungi","Ascomycota","Dothideomycetes","Dothideales","uncl_Dothideales","uncl_Dothideales",NA
"OTU518","OTU518",0.0869565217391304,"Fungi","Ascomycota","Dothideomycetes","Pleosporales","Massarinaceae","uncl_Massarinaceae",NA
"OTU4041","OTU4041",0.0108695652173913,"Fungi","Ascomycota","Lecanoromycetes","Ostropales","Stictidaceae","uncl_Stictidaceae",NA
"OTU697","OTU697",0.0434782608695652,"Fungi","Basidiomycota","Agaricomycetes","Atheliales","uncl_Atheliales","uncl_Atheliales",NA
"OTU4174","OTU4174",0.0326086956521739,"Fungi","Ascomycota","Leotiomycetes","Thelebolales","Thelebolaceae","Thelebolus",NA
"OTU6119","OTU6119",0.0434782608695652,"Fungi","Ascomycota","Dothideomycetes","Mycosphaerellales","uncl_Mycosphaerellales","uncl_Mycosphaerellales",NA
"OTU967","OTU967",0.0434782608695652,"Fungi","Basidiomycota","Agaricomycetes","Atheliales","Atheliaceae","Athelia",NA
"OTU4123","OTU4123",0.0543478260869565,"Fungi","Ascomycota","Dothideomycetes","Capnodiales","Cladosporiaceae","uncl_Cladosporiaceae",NA
"OTU4624","OTU4624",0.0108695652173913,"Fungi","Ascomycota","Dothideomycetes","Microthyriales","uncl_Microthyriales","uncl_Microthyriales",NA
"OTU4563","OTU4563",0.0217391304347826,"Fungi","Ascomycota","Lecanoromycetes","Ostropales","Stictidaceae","Karstenia",NA
"OTU2637","OTU2637",0.0760869565217391,"Fungi","Basidiomycota","Tremellomycetes","Tremellales","Bulleraceae","Genolevuria",NA
"OTU5912","OTU5912",0.0108695652173913,"Fungi","Basidiomycota","Agaricomycetes","Agaricales","Hygrophoraceae","Arrhenia",NA
"OTU3580","OTU3580",0.0108695652173913,"Fungi","Ascomycota","Sordariomycetes","Hypocreales","Bionectriaceae","Nectriella",NA
"OTU3208","OTU3208",0.16304347826087,"Fungi","Ascomycota","Orbiliomycetes","Orbiliales","uncl_Orbiliales","uncl_Orbiliales",NA
"OTU1828","OTU1828",0.0543478260869565,"Fungi","Ascomycota","Dothideomycetes","Mycosphaerellales","Teratosphaeriaceae","Lapidomyces",NA
"OTU2832","OTU2832",0.108695652173913,"Fungi","Basidiomycota","Tremellomycetes","Tremellales","uncl_Tremellales","uncl_Tremellales",NA
"OTU1319","OTU1319",0.0434782608695652,"Fungi","Basidiomycota","Agaricomycetes","Russulales","Russulaceae","Lactarius",NA
"OTU1385","OTU1385",0.0108695652173913,"Fungi","Ascomycota","Dothideomycetes","Mycosphaerellales","Teratosphaeriaceae","uncl_Teratosphaeriaceae",NA
"OTU3296","OTU3296",0.0108695652173913,"Fungi","Ascomycota","Leotiomycetes","Helotiales","Dermateaceae","Pezicula",NA
"OTU4904","OTU4904",0.0217391304347826,"Fungi","Basidiomycota","Agaricomycetes","Agaricales","Lycoperdaceae","Calvatia",NA
"OTU6999","OTU6999",0.0108695652173913,"Fungi","Ascomycota","Sordariomycetes","Hypocreales","Niessliaceae","Niesslia",NA
"OTU42","OTU42",0.0543478260869565,"Fungi","Basidiomycota","Agaricomycetes","Polyporales","Polyporaceae","uncl_Polyporaceae",NA
"OTU4005","OTU4005",0.0978260869565217,"Fungi","Ascomycota","Dothideomycetes","Botryosphaeriales","Botryosphaeriaceae","uncl_Botryosphaeriaceae",NA
"OTU1231","OTU1231",0.608695652173913,"Fungi","Mucoromycota","Glomeromycetes","Glomerales","Glomeraceae","Rhizophagus",NA
"OTU150","OTU150",0.304347826086957,"Fungi","Ascomycota","Leotiomycetes","Helotiales","Hyaloscyphaceae","uncl_Hyaloscyphaceae",NA
"OTU208","OTU208",0.108695652173913,"Fungi","Ascomycota","Dothideomycetes","Tubeufiales","uncl_Tubeufiales","uncl_Tubeufiales",NA
"OTU1033","OTU1033",0.0652173913043478,"Fungi","Ascomycota","Dothideomycetes","Pleosporales","Lentitheciaceae","Poaceascoma",NA
"OTU7039","OTU7039",0.0326086956521739,"Fungi","Basidiomycota","Agaricomycetes","Agaricales","Strophariaceae","Deconica",NA
"OTU630","OTU630",0.0217391304347826,"Fungi","Basidiomycota","Agaricomycetes","Sebacinales","Sebacinaceae","Sebacina",NA
"OTU2325","OTU2325",0.0978260869565217,"Fungi","Ascomycota","Orbiliomycetes","uncl_Orbiliomycetes","uncl_Orbiliomycetes","uncl_Orbiliomycetes",NA
"OTU3582","OTU3582",0.0217391304347826,"Fungi","Basidiomycota","Agaricomycetes","Russulales","Russulaceae","Russula",NA
"OTU378","OTU378",0.41304347826087,"Fungi","Basidiomycota","Agaricomycetes","Agaricales","Strophariaceae","uncl_Strophariaceae",NA
"OTU1264","OTU1264",0.0217391304347826,"Fungi","Basidiomycota","Agaricomycetes","Agaricales","Mycenaceae","Mycena",NA
"OTU1107","OTU1107",0.0108695652173913,"Fungi","Basidiomycota","Agaricomycetes","Phallales","Phallaceae","uncl_Phallaceae",NA
"OTU5613","OTU5613",0.271739130434783,"Fungi","Ascomycota","Dothideomycetes","Pleosporales","Lentitheciaceae","Darksidea",NA
"OTU6240","OTU6240",0.0326086956521739,"Fungi","Basidiomycota","Tremellomycetes","Tremellales","Bulleribasidiaceae","Vishniacozyma",NA
"OTU12581","OTU12581",0.0217391304347826,"Fungi","Basidiomycota","Tremellomycetes","Tremellales","Phaeotremellaceae","Gelidatrema",NA
"OTU2288","OTU2288",0.0434782608695652,"Fungi","Ascomycota","Dothideomycetes","Pleosporales","Pleosporales_fam_Incertae_sedis","Aaosphaeria",NA
"OTU1151","OTU1151",0.0217391304347826,"Fungi","Mucoromycota","Mucoromycetes","Mucorales","Cunninghamellaceae","uncl_Cunninghamellaceae",NA
"OTU2498","OTU2498",0.0869565217391304,"Fungi","Basidiomycota","Tremellomycetes","Filobasidiales","Filobasidiaceae","Filobasidium",NA
"OTU217","OTU217",0.228260869565217,"Fungi","Basidiomycota","Agaricomycetes","Agaricales","Psathyrellaceae","Coprinopsis",NA
"OTU7452","OTU7452",0.271739130434783,"Fungi","Basidiomycota","Agaricomycetes","Agaricales","Entolomataceae","Clitopilus",NA
"OTU481","OTU481",0.0434782608695652,"Fungi","Basidiomycota","Agaricomycetes","Auriculariales","Auriculariales_fam_Incertae_sedis","uncl_Auriculariales_fam_Incertae_sedis",NA
"OTU1416","OTU1416",0.0108695652173913,"Fungi","Basidiomycota","Cystobasidiomycetes","Sakaguchiales","uncl_Sakaguchiales","uncl_Sakaguchiales",NA
"OTU5589","OTU5589",0.0760869565217391,"Fungi","Ascomycota","Dothideomycetes","Pleosporales","Pleosporaceae","Pleospora",NA
"OTU5609","OTU5609",0.0434782608695652,"Fungi","Basidiomycota","Cystobasidiomycetes","uncl_Cystobasidiomycetes","uncl_Cystobasidiomycetes","uncl_Cystobasidiomycetes",NA
"OTU8392","OTU8392",0.0108695652173913,"Fungi","Ascomycota","Lecanoromycetes","Ostropales","Gomphillaceae","Corticifraga",NA
"OTU9097","OTU9097",0.0108695652173913,"Fungi","Basidiomycota","Agaricomycetes","Trechisporales","Hydnodontaceae","Trechispora",NA
"OTU511","OTU511",0.130434782608696,"Fungi","Basidiomycota","Agaricomycetes","Auriculariales","Auriculariales_fam_Incertae_sedis","Oliveonia",NA
"OTU5378","OTU5378",0.0108695652173913,"Fungi","Ascomycota","Dothideomycetes","Dothideomycetes_ord_Incertae_sedis","uncl_Dothideomycetes_ord_Incertae_sedis","uncl_Dothideomycetes_ord_Incertae_sedis",NA
"OTU722","OTU722",0.0217391304347826,"Fungi","Basidiomycota","Agaricomycetes","Agaricales","Strophariaceae","Agrocybe",NA
"OTU11642","OTU11642",0.0108695652173913,"Fungi","Ascomycota","Dothideomycetes","Pleosporales","Paradictyoarthriniaceae","uncl_Paradictyoarthriniaceae",NA
"OTU4916","OTU4916",0.0326086956521739,"Fungi","Ascomycota","Dothideomycetes","Capnodiales","Neodevriesiaceae","uncl_Neodevriesiaceae",NA
"OTU161","OTU161",0.0652173913043478,"Fungi","Ascomycota","Sordariomycetes","Hypocreales","Stachybotryaceae","Striaticonidium",NA
"OTU4482","OTU4482",0.0869565217391304,"Fungi","Chytridiomycota","Rhizophlyctidomycetes","Rhizophlyctidales","Rhizophlyctidaceae","Rhizophlyctis",NA
"OTU10225","OTU10225",0.0108695652173913,"Fungi","Chytridiomycota","Spizellomycetes","Spizellomycetales","Powellomycetaceae","Powellomyces",NA
"OTU329","OTU329",0.434782608695652,"Fungi","Ascomycota","Sordariomycetes","Sordariales","Chaetomiaceae","uncl_Chaetomiaceae",NA
"OTU751","OTU751",0.108695652173913,"Fungi","Basidiomycota","Agaricomycetes","Agaricales","Psathyrellaceae","Parasola",NA
"OTU6675","OTU6675",0.0217391304347826,"Fungi","Basidiomycota","Malasseziomycetes","Malasseziales","Malasseziaceae","Malassezia",NA
"OTU8275","OTU8275",0.0108695652173913,"Fungi","Ascomycota","Leotiomycetes","Helotiales","Ploettnerulaceae","uncl_Ploettnerulaceae",NA
"OTU952","OTU952",0.0108695652173913,"Fungi","Basidiomycota","Agaricomycetes","Tremellodendropsidales","uncl_Tremellodendropsidales","uncl_Tremellodendropsidales",NA
"OTU1120","OTU1120",0.510869565217391,"Fungi","Basidiomycota","uncl_Basidiomycota","uncl_Basidiomycota","uncl_Basidiomycota","uncl_Basidiomycota",NA
"OTU5995","OTU5995",0.0434782608695652,"Fungi","Basidiomycota","Tremellomycetes","Tremellales","Cuniculitremaceae","uncl_Cuniculitremaceae",NA
"OTU1392","OTU1392",0.0760869565217391,"Fungi","Ascomycota","Pezizomycetes","Pezizales","Pezizaceae","Eremiomyces",NA
"OTU3383","OTU3383",0.0108695652173913,"Fungi","Ascomycota","Sordariomycetes","Sordariales","Helminthosphaeriaceae","uncl_Helminthosphaeriaceae",NA
"OTU8077","OTU8077",0.0217391304347826,"Fungi","Chytridiomycota","Rhizophlyctidomycetes","Rhizophlyctidales","uncl_Rhizophlyctidales","uncl_Rhizophlyctidales",NA
"OTU9753","OTU9753",0.0108695652173913,"Fungi","Ascomycota","Dothideomycetes","Pleosporales","Teichosporaceae","Teichospora",NA
"OTU1145","OTU1145",0.108695652173913,"Fungi","Ascomycota","Sordariomycetes","Magnaporthales","Magnaporthaceae","uncl_Magnaporthaceae",NA
"OTU474","OTU474",0.0108695652173913,"Fungi","Basidiomycota","Agaricomycetes","Agaricales","Hygrophoraceae","uncl_Hygrophoraceae",NA
"OTU6330","OTU6330",0.0108695652173913,"Fungi","Ascomycota","Sordariomycetes","Sordariomycetes_ord_Incertae_sedis","Junewangiaceae","uncl_Junewangiaceae",NA
"OTU2134","OTU2134",0.304347826086957,"Fungi","Mucoromycota","Glomeromycetes","Glomerales","Glomeraceae","Kamienskia",NA
"OTU8989","OTU8989",0.0108695652173913,"Fungi","Basidiomycota","Agaricomycetes","Boletales","uncl_Boletales","uncl_Boletales",NA
"OTU203","OTU203",0.130434782608696,"Fungi","Ascomycota","Sordariomycetes","Sordariales","Lasiosphaeriaceae","uncl_Lasiosphaeriaceae",NA
"OTU4534","OTU4534",0.217391304347826,"Fungi","Mucoromycota","Mortierellomycetes","uncl_Mortierellomycetes","uncl_Mortierellomycetes","uncl_Mortierellomycetes",NA
"OTU2207","OTU2207",0.0108695652173913,"Fungi","Ascomycota","Sordariomycetes","Diaporthales","Diaporthaceae","Diaporthe",NA
"OTU11436","OTU11436",0.0108695652173913,"Fungi","Basidiomycota","Ustilaginomycetes","uncl_Ustilaginomycetes","uncl_Ustilaginomycetes","uncl_Ustilaginomycetes",NA
"OTU707","OTU707",0.119565217391304,"Fungi","Ascomycota","Dothideomycetes","Pleosporales","Sporormiaceae","Preussia",NA
"OTU5826","OTU5826",0.0217391304347826,"Fungi","Basidiomycota","Wallemiomycetes","Wallemiales","Wallemiaceae","Wallemia",NA
"OTU3674","OTU3674",0.0543478260869565,"Fungi","Ascomycota","Sordariomycetes","Coniochaetales","Coniochaetaceae","Lecythophora",NA
"OTU1040","OTU1040",0.228260869565217,"Fungi","Ascomycota","Eurotiomycetes","Onygenales","uncl_Onygenales","uncl_Onygenales",NA
"OTU4297","OTU4297",0.0108695652173913,"Fungi","Basidiomycota","Agaricomycetes","Agaricales","Physalacriaceae","Physalacria",NA
"OTU218","OTU218",0.0326086956521739,"Fungi","Basidiomycota","Agaricomycetes","Agaricales","Marasmiaceae","Marasmius",NA
"OTU2958","OTU2958",0.0217391304347826,"Fungi","Olpidiomycota","Olpidiomycetes","Olpidiales","Olpidiaceae","Olpidium",NA
"OTU7003","OTU7003",0.0108695652173913,"Fungi","Basidiomycota","Tremellomycetes","Trichosporonales","Trichosporonaceae","Cutaneotrichosporon",NA
"OTU730","OTU730",0.152173913043478,"Fungi","Ascomycota","Sordariomycetes","Magnaporthales","Magnaporthaceae","Magnaporthe",NA
"OTU258","OTU258",0.0652173913043478,"Fungi","Ascomycota","Sordariomycetes","Coniochaetales","Coniochaetaceae","Coniochaeta",NA
"OTU1182","OTU1182",0.108695652173913,"Fungi","Ascomycota","Dothideomycetes","Pleosporales","Pleosporaceae","Johnalcornia",NA
"OTU2149","OTU2149",0.0217391304347826,"Fungi","Ascomycota","Dothideomycetes","Pleosporales","Phaeosphaeriaceae","Wojnowiciella",NA
"OTU185","OTU185",0.0108695652173913,"Fungi","Basidiomycota","Agaricomycetes","Agaricales","Niaceae","uncl_Niaceae",NA
"OTU1597","OTU1597",0.619565217391304,"Fungi","Mucoromycota","Glomeromycetes","Glomerales","uncl_Glomerales","uncl_Glomerales",NA
"OTU1550","OTU1550",0.0652173913043478,"Fungi","Basidiomycota","Agaricomycetes","Thelephorales","Thelephoraceae","Tomentella",NA
"OTU86","OTU86",0.478260869565217,"Fungi","Basidiomycota","Agaricomycetes","Cantharellales","Ceratobasidiaceae","uncl_Ceratobasidiaceae",NA
"OTU7129","OTU7129",0.0217391304347826,"Fungi","Ascomycota","Dothideomycetes","Pleosporales","Pleosporaceae","Stemphylium",NA
"OTU8659","OTU8659",0.217391304347826,"Fungi","Basidiomycota","Agaricomycetes","Agaricales","Inocybaceae","Inocybe",NA
"OTU2678","OTU2678",0.0108695652173913,"Fungi","Basidiomycota","Atractiellomycetes","Atractiellales","uncl_Atractiellales","uncl_Atractiellales",NA
"OTU2600","OTU2600",0.0434782608695652,"Fungi","Ascomycota","Lecanoromycetes","Ostropales","uncl_Ostropales","uncl_Ostropales",NA
"OTU2255","OTU2255",0.0652173913043478,"Fungi","Ascomycota","Pezizomycetes","Pezizales","Pyronemataceae","uncl_Pyronemataceae",NA
"OTU735","OTU735",0.478260869565217,"Fungi","Ascomycota","Dothideomycetes","Capnodiales","uncl_Capnodiales","uncl_Capnodiales",NA
"OTU7017","OTU7017",0.0217391304347826,"Fungi","Chytridiomycota","Rhizophlyctidomycetes","Rhizophlyctidales","Rhizophlyctidaceae","uncl_Rhizophlyctidaceae",NA
"OTU8150","OTU8150",0.0108695652173913,"Fungi","Basidiomycota","Tremellomycetes","Tremellales","Bulleraceae","Bullera",NA
"OTU782","OTU782",0.195652173913043,"Fungi","Ascomycota","Pezizomycetes","Pezizales","uncl_Pezizales","uncl_Pezizales",NA
"OTU3053","OTU3053",0.0326086956521739,"Fungi","Chytridiomycota","Spizellomycetes","Spizellomycetales","Spizellomycetaceae","Spizellomyces",NA
"OTU2000","OTU2000",0.0217391304347826,"Fungi","Ascomycota","Saccharomycetes","uncl_Saccharomycetes","uncl_Saccharomycetes","uncl_Saccharomycetes",NA
"OTU3860","OTU3860",0.0869565217391304,"Fungi","Ascomycota","Dothideomycetes","Pleosporales","Sporormiaceae","Westerdykella",NA
"OTU1010","OTU1010",0.0217391304347826,"Fungi","Ascomycota","Sordariomycetes","Hypocreales","Bionectriaceae","uncl_Bionectriaceae",NA
"OTU6102","OTU6102",0.0652173913043478,"Fungi","Ascomycota","Eurotiomycetes","Eurotiales","uncl_Eurotiales","uncl_Eurotiales",NA
"OTU1050","OTU1050",0.0217391304347826,"Fungi","Ascomycota","Sordariomycetes","Xylariales","Hypoxylaceae","Daldinia",NA
"OTU3022","OTU3022",0.0326086956521739,"Fungi","Ascomycota","Dothideomycetes","Pleosporales","Phaeosphaeriaceae","Phaeosphaeria",NA
"OTU104","OTU104",0.0652173913043478,"Fungi","Basidiomycota","Agaricomycetes","Auriculariales","Auriculariaceae","uncl_Auriculariaceae",NA
"OTU2553","OTU2553",0.0434782608695652,"Fungi","Ascomycota","Dothideomycetes","Botryosphaeriales","uncl_Botryosphaeriales","uncl_Botryosphaeriales",NA
"OTU7906","OTU7906",0.0217391304347826,"Fungi","Ascomycota","Dothideomycetes","Pleosporales","Phaeosphaeriaceae","Sclerostagonospora",NA
"OTU2763","OTU2763",0.0326086956521739,"Fungi","Basidiomycota","Agaricomycetes","Agaricales","Stephanosporaceae","Cristinia",NA
"OTU2340","OTU2340",0.0869565217391304,"Fungi","Ascomycota","Pezizomycotina_cls_Incertae_sedis","uncl_Pezizomycotina_cls_Incertae_sedis","uncl_Pezizomycotina_cls_Incertae_sedis","uncl_Pezizomycotina_cls_Incertae_sedis",NA
"OTU7643","OTU7643",0.119565217391304,"Fungi","Ascomycota","Dothideomycetes","Dothideales","Saccotheciaceae","uncl_Saccotheciaceae",NA
"OTU667","OTU667",0.0869565217391304,"Fungi","Basidiomycota","Agaricomycetes","Agaricales","Bolbitiaceae","uncl_Bolbitiaceae",NA
"OTU296","OTU296",0.0217391304347826,"Fungi","Ascomycota","Dothideomycetes","Tubeufiales","Tubeufiaceae","uncl_Tubeufiaceae",NA
"OTU1705","OTU1705",0.108695652173913,"Fungi","Basidiomycota","Agaricomycetes","Sebacinales","Serendipitaceae","uncl_Serendipitaceae",NA
"OTU529","OTU529",0.0434782608695652,"Fungi","Basidiomycota","Agaricomycetes","Hymenochaetales","uncl_Hymenochaetales","uncl_Hymenochaetales",NA
"OTU1313","OTU1313",0.0217391304347826,"Fungi","Basidiomycota","Agaricomycetes","Geastrales","Sphaerobolaceae","uncl_Sphaerobolaceae",NA
"OTU803","OTU803",0.0108695652173913,"Fungi","Basidiomycota","Agaricomycetes","Corticiales","Corticiaceae","uncl_Corticiaceae",NA
"OTU379","OTU379",0.891304347826087,"Fungi","Ascomycota","Sordariomycetes","Hypocreales","uncl_Hypocreales","uncl_Hypocreales",NA
"OTU7652","OTU7652",0.0108695652173913,"Fungi","Ascomycota","Sordariomycetes","Hypocreales","Cordycipitaceae","Lecanicillium",NA
"OTU4503","OTU4503",0.0652173913043478,"Fungi","Ascomycota","Sordariomycetes","Hypocreales","Nectriaceae","Bisifusarium",NA
"OTU400","OTU400",0.0434782608695652,"Fungi","Ascomycota","Dothideomycetes","Pleosporales","Didymellaceae","Phoma",NA
"OTU438","OTU438",0.0108695652173913,"Fungi","Ascomycota","Dothideomycetes","Pleosporales","Didymellaceae","uncl_Didymellaceae",NA
"OTU1019","OTU1019",0.967391304347826,"Fungi","Ascomycota","Dothideomycetes","uncl_Dothideomycetes","uncl_Dothideomycetes","uncl_Dothideomycetes",NA
"OTU3554","OTU3554",0.0434782608695652,"Fungi","Ascomycota","Sordariomycetes","Hypocreales","Clavicipitaceae","Metacordyceps",NA
"OTU2178","OTU2178",0.0760869565217391,"Fungi","Ascomycota","Sordariomycetes","Coniochaetales","uncl_Coniochaetales","uncl_Coniochaetales",NA
"OTU2893","OTU2893",0.0326086956521739,"Fungi","Basidiomycota","Agaricomycetes","Thelephorales","Thelephoraceae","uncl_Thelephoraceae",NA
"OTU418","OTU418",0.304347826086957,"Fungi","Ascomycota","Sordariomycetes","Magnaporthales","uncl_Magnaporthales","uncl_Magnaporthales",NA
"OTU2294","OTU2294",0.0108695652173913,"Fungi","Basidiomycota","Agaricomycetes","Polyporales","Steccherinaceae","uncl_Steccherinaceae",NA
"OTU1868","OTU1868",0.0326086956521739,"Fungi","Basidiomycota","Agaricomycetes","Sebacinales","Serendipitaceae","Serendipita",NA
"OTU295","OTU295",0.782608695652174,"Fungi","Ascomycota","Eurotiomycetes","Chaetothyriales","uncl_Chaetothyriales","uncl_Chaetothyriales",NA
"OTU2394","OTU2394",0.760869565217391,"Fungi","Mucoromycota","uncl_Mucoromycota","uncl_Mucoromycota","uncl_Mucoromycota","uncl_Mucoromycota",NA
"OTU1184","OTU1184",0.0326086956521739,"Fungi","Basidiomycota","Agaricomycetes","Geastrales","Geastraceae","Nidulariopsis",NA
"OTU11073","OTU11073",0.0108695652173913,"Fungi","Ascomycota","Dothideomycetes","Pleosporales","Cucurbitariaceae","uncl_Cucurbitariaceae",NA
"OTU2773","OTU2773",0.130434782608696,"Fungi","Ascomycota","Dothideomycetes","Pleosporales","Cucurbitariaceae","Pyrenochaeta",NA
"OTU1075","OTU1075",0.0434782608695652,"Fungi","Ascomycota","Sordariomycetes","Atractosporales","Conlariaceae","Conlarium",NA
"OTU8689","OTU8689",0.173913043478261,"Fungi","Mucoromycota","Glomeromycetes","Glomerales","Glomeraceae","Dominikia",NA
"OTU12384","OTU12384",0.0434782608695652,"Fungi","Mucoromycota","Glomeromycetes","Glomerales","Glomeraceae","Funneliformis",NA
"OTU646","OTU646",0.0108695652173913,"Fungi","Basidiomycota","Agaricomycetes","Boletales","Rhizopogonaceae","uncl_Rhizopogonaceae",NA
"OTU1205","OTU1205",0.130434782608696,"Fungi","Chytridiomycota","uncl_Chytridiomycota","uncl_Chytridiomycota","uncl_Chytridiomycota","uncl_Chytridiomycota",NA
"OTU3823","OTU3823",0.0217391304347826,"Fungi","Basidiomycota","GS27","GS27_ord_Incertae_sedis","uncl_GS27_ord_Incertae_sedis","uncl_GS27_ord_Incertae_sedis",NA
"OTU9701","OTU9701",0.0108695652173913,"Fungi","Basidiomycota","GS27","uncl_GS27","uncl_GS27","uncl_GS27",NA
"OTU4599","OTU4599",0.0326086956521739,"Fungi","Basidiomycota","Agaricomycetes","Agaricales","Entolomataceae","uncl_Entolomataceae",NA
"OTU1962","OTU1962",0.0108695652173913,"Fungi","Basidiomycota","Agaricomycetes","Agaricales","Cyphellaceae","uncl_Cyphellaceae",NA
"OTU2461","OTU2461",0.0869565217391304,"Fungi","Mucoromycota","Glomeromycetes","Glomerales","Glomeraceae","Rhizoglomus",NA
"OTU436","OTU436",0.358695652173913,"Fungi","Ascomycota","Eurotiomycetes","Chaetothyriales","Herpotrichiellaceae","uncl_Herpotrichiellaceae",NA
"OTU3565","OTU3565",0.0108695652173913,"Fungi","Ascomycota","Sordariomycetes","Hypocreales","Cordycipitaceae","Beauveria",NA
"OTU4529","OTU4529",0.673913043478261,"Fungi","Mucoromycota","Glomeromycetes","uncl_Glomeromycetes","uncl_Glomeromycetes","uncl_Glomeromycetes",NA
"OTU8171","OTU8171",0.0217391304347826,"Fungi","Ascomycota","Sordariomycetes","Hypocreales","Stachybotryaceae","Alfaria",NA
"OTU1272","OTU1272",0.0760869565217391,"Fungi","Basidiomycota","Agaricomycetes","Agaricales","Psathyrellaceae","uncl_Psathyrellaceae",NA
"OTU2504","OTU2504",0.152173913043478,"Fungi","Ascomycota","Orbiliomycetes","Orbiliales","Orbiliaceae","Orbilia",NA
"OTU4361","OTU4361",0.0108695652173913,"Fungi","Ascomycota","Dothideomycetes","Capnodiales","Cladosporiaceae","Toxicocladosporium",NA
"OTU949","OTU949",0.0108695652173913,"Fungi","Ascomycota","Pezizomycetes","Pezizales","Pyronemataceae","Scutellinia",NA
"OTU1414","OTU1414",0.0760869565217391,"Fungi","Ascomycota","Pezizomycetes","Pezizales","Pezizaceae","uncl_Pezizaceae",NA
"OTU1005","OTU1005",0.0760869565217391,"Fungi","Ascomycota","Dothideomycetes","Botryosphaeriales","Botryosphaeriaceae","Macrophomina",NA
"OTU909","OTU909",0.119565217391304,"Fungi","Basidiomycota","Agaricomycetes","Agaricales","Psathyrellaceae","Psathyrella",NA
"OTU741","OTU741",0.0108695652173913,"Fungi","Basidiomycota","Agaricomycetes","Auriculariales","Oliveoniaceae","uncl_Oliveoniaceae",NA
"OTU3114","OTU3114",0.0326086956521739,"Fungi","Ascomycota","Orbiliomycetes","Orbiliales","Orbiliaceae","Arthrobotrys",NA
"OTU4077","OTU4077",0.0217391304347826,"Fungi","Ascomycota","Dothideomycetes","Pleosporales","Phaeosphaeriaceae","Neosetophoma",NA
"OTU1988","OTU1988",0.0108695652173913,"Fungi","Ascomycota","Dothideomycetes","Pleosporales","Pleosporales_fam_Incertae_sedis","Astrosphaeriella",NA
"OTU6054","OTU6054",0.0108695652173913,"Fungi","Ascomycota","Sordariomycetes","Hypocreales","Hypocreales_fam_Incertae_sedis","uncl_Hypocreales_fam_Incertae_sedis",NA
"OTU1806","OTU1806",0.0434782608695652,"Fungi","Basidiomycota","Agaricomycetes","Agaricales","Pluteaceae","Pluteus",NA
"OTU951","OTU951",0.0326086956521739,"Fungi","Ascomycota","Dothideomycetes","Pleosporales","Thyridariaceae","Massariosphaeria",NA
"OTU1873","OTU1873",0.0326086956521739,"Fungi","Ascomycota","Eurotiomycetes","Chaetothyriales","Cyphellophoraceae","Cyphellophora",NA
"OTU312","OTU312",0.293478260869565,"Fungi","Basidiomycota","Agaricomycetes","Auriculariales","uncl_Auriculariales","uncl_Auriculariales",NA
"OTU2709","OTU2709",0.0108695652173913,"Fungi","Basidiomycota","Ustilaginomycetes","Ustilaginales","Ustilaginaceae","uncl_Ustilaginaceae",NA
"OTU6555","OTU6555",0.0217391304347826,"Fungi","Basidiomycota","Agaricomycetes","Russulales","uncl_Russulales","uncl_Russulales",NA
"OTU12552","OTU12552",0.0108695652173913,"Fungi","Chytridiomycota","GS14","uncl_GS14","uncl_GS14","uncl_GS14",NA
"OTU6493","OTU6493",0.0434782608695652,"Fungi","Ascomycota","Dothideomycetes","Pleosporales","Phaeosphaeriaceae","Ophiosphaerella",NA
"OTU1814","OTU1814",0.0326086956521739,"Fungi","Ascomycota","Geoglossomycetes","Geoglossales","Geoglossaceae","Trichoglossum",NA
"OTU883","OTU883",0.0108695652173913,"Fungi","Ascomycota","Dothideomycetes","Pleosporales","Amniculicolaceae","uncl_Amniculicolaceae",NA
"OTU7338","OTU7338",0.0217391304347826,"Fungi","Basidiomycota","Agaricomycetes","Agaricales","Crepidotaceae","Crepidotus",NA
"OTU3964","OTU3964",0.0108695652173913,"Fungi","Ascomycota","Sordariomycetes","Sordariales","Podosporaceae","Cladorrhinum",NA
"OTU7223","OTU7223",0.0217391304347826,"Fungi","Chytridiomycota","Rhizophydiomycetes","Rhizophydiales","uncl_Rhizophydiales","uncl_Rhizophydiales",NA
"OTU857","OTU857",0.0108695652173913,"Fungi","Basidiomycota","Agaricomycetes","Agaricales","Tricholomataceae","Mycenella",NA
"OTU6703","OTU6703",0.0108695652173913,"Fungi","Ascomycota","Dothideomycetes","Pleosporales","Lentitheciaceae","uncl_Lentitheciaceae",NA
"OTU4707","OTU4707",0.0108695652173913,"Fungi","Basidiomycota","Geminibasidiomycetes","Geminibasidiales","Geminibasidiaceae","Basidioascus",NA
"OTU5698","OTU5698",0.0108695652173913,"Fungi","Ascomycota","Sordariomycetes","Sordariales","Podosporaceae","uncl_Podosporaceae",NA
"OTU5829","OTU5829",0.0108695652173913,"Fungi","Basidiomycota","Agaricomycetes","Polyporales","Phanerochaetaceae","Hyphodermella",NA
"OTU494","OTU494",0.0108695652173913,"Fungi","Ascomycota","Dothideomycetes","Acrospermales","Acrospermaceae","Acrospermum",NA
"OTU2727","OTU2727",0.0434782608695652,"Fungi","Ascomycota","Dothideomycetes","Capnodiales","Neodevriesiaceae","Neodevriesia",NA
"OTU5597","OTU5597",0.0108695652173913,"Fungi","Ascomycota","Sordariomycetes","Xylariales","Xylariales_fam_Incertae_sedis","Fusidium",NA
"OTU2345","OTU2345",0.0326086956521739,"Fungi","Ascomycota","Sordariomycetes","Hypocreales","Clavicipitaceae","uncl_Clavicipitaceae",NA
"OTU1359","OTU1359",0.0108695652173913,"Fungi","Basidiomycota","Agaricomycetes","Phallales","Phallaceae","Phallus",NA
"OTU12359","OTU12359",0.0108695652173913,"Fungi","Basidiomycota","Agaricomycetes","Agaricales","Lycoperdaceae","Bovista",NA
"OTU1265","OTU1265",0.0217391304347826,"Fungi","Ascomycota","Sordariomycetes","Xylariales","Apiosporaceae","uncl_Apiosporaceae",NA
"OTU10992","OTU10992",0.0108695652173913,"Fungi","Ascomycota","Sordariomycetes","Xylariales","Amphisphaeriaceae","Microdochium",NA
"OTU4345","OTU4345",0.0217391304347826,"Fungi","Basidiomycota","Tremellomycetes","Tremellales","Bulleraceae","Fonsecazyma",NA
"OTU1743","OTU1743",0.0108695652173913,"Fungi","Basidiomycota","Agaricomycetes","Agaricales","Tricholomataceae","Cruentomycena",NA
"OTU197","OTU197",0.0652173913043478,"Fungi","Basidiomycota","Agaricomycetes","Russulales","Lachnocladiaceae","Vararia",NA
"OTU8253","OTU8253",0.0108695652173913,"Fungi","Zoopagomycota","Ramicandelaberomycetes","Ramicandelaberales","Ramicandelaberaceae","Ramicandelaber",NA
"OTU3702","OTU3702",0.0108695652173913,"Fungi","Basidiomycota","Agaricomycetes","Agaricales","Lycoperdaceae","Lycoperdon",NA
"OTU3718","OTU3718",0.0760869565217391,"Fungi","Mucoromycota","Mortierellomycetes","Mortierellales","Mortierellaceae","Mortierella",NA
"OTU3610","OTU3610",0.141304347826087,"Fungi","Mucoromycota","Mortierellomycetes","Mortierellales","uncl_Mortierellales","uncl_Mortierellales",NA
"OTU5628","OTU5628",0.0108695652173913,"Fungi","Basidiomycota","Agaricomycetes","Agaricales","Agaricaceae","Lepiota",NA
"OTU12838","OTU12838",0.0108695652173913,"Fungi","Basidiomycota","Exobasidiomycetes","Microstromatales","uncl_Microstromatales","uncl_Microstromatales",NA
"OTU7629","OTU7629",0.0108695652173913,"Fungi","Basidiomycota","Agaricomycetes","Agaricales","Agaricaceae","Leucoagaricus",NA
"OTU4700","OTU4700",0.0760869565217391,"Fungi","Ascomycota","Sordariomycetes","Branch06","uncl_Branch06","uncl_Branch06",NA
"OTU9908","OTU9908",0.0434782608695652,"Fungi","Basidiomycota","Agaricomycetes","Trechisporales","uncl_Trechisporales","uncl_Trechisporales",NA
"OTU5686","OTU5686",0.0217391304347826,"Fungi","Ascomycota","Dothideomycetes","Pleosporales","Phaeosphaeriaceae","Paraphoma",NA
"OTU8515","OTU8515",0.0217391304347826,"Fungi","Ascomycota","Sordariomycetes","Xylariales","Diatrypaceae","Monosporascus",NA
"OTU6103","OTU6103",0.0434782608695652,"Fungi","Basidiomycota","Agaricomycetes","Agaricales","Agaricaceae","Tulostoma",NA
"OTU3882","OTU3882",0.16304347826087,"Fungi","Ascomycota","Orbiliomycetes","Orbiliales","Orbiliaceae","uncl_Orbiliaceae",NA
"OTU12601","OTU12601",0.0543478260869565,"Fungi","Basidiomycota","Cystobasidiomycetes","Cystobasidiales","Cystobasidiaceae","Cystobasidium",NA
"OTU374","OTU374",0.293478260869565,"Fungi","Ascomycota","Sordariomycetes","Xylariales","Xylariaceae","Xylaria",NA
"OTU2687","OTU2687",0.0326086956521739,"Fungi","Ascomycota","Pezizomycetes","Pezizales","Pyronemataceae","Pulvinula",NA
"OTU1519","OTU1519",0.282608695652174,"Fungi","Ascomycota","Sordariomycetes","Xylariales","Xylariaceae","uncl_Xylariaceae",NA
"OTU7426","OTU7426",0.0326086956521739,"Fungi","Mucoromycota","Glomeromycetes","Glomerales","Claroideoglomeraceae","Claroideoglomus",NA
"OTU4358","OTU4358",0.0108695652173913,"Fungi","Basidiomycota","Agaricomycetes","Agaricales","Agaricaceae","Chlorophyllum",NA
"OTU1566","OTU1566",0.108695652173913,"Fungi","Basidiomycota","Agaricomycetes","Geastrales","Geastraceae","Geastrum",NA
"OTU2583","OTU2583",0.0217391304347826,"Fungi","Basidiomycota","Agaricostilbomycetes","Agaricostilbales","uncl_Agaricostilbales","uncl_Agaricostilbales",NA
"OTU3341","OTU3341",0.0869565217391304,"Fungi","Ascomycota","Sordariomycetes","Sordariales","Podosporaceae","Podospora",NA
"OTU7012","OTU7012",0.0108695652173913,"Fungi","Mucoromycota","Glomeromycetes","Entrophosporales","uncl_Entrophosporales","uncl_Entrophosporales",NA
"OTU3861","OTU3861",0.0652173913043478,"Fungi","Ascomycota","Pezizomycetes","Pezizales","Ascobolaceae","Ascobolus",NA
"OTU4212","OTU4212",0.0108695652173913,"Fungi","Basidiomycota","Microbotryomycetes","Leucosporidiales","Leucosporidiaceae","Leucosporidium",NA
"OTU1913","OTU1913",0.0434782608695652,"Fungi","Ascomycota","Dothideomycetes","Venturiales","Venturiaceae","uncl_Venturiaceae",NA
"OTU6303","OTU6303",0.0108695652173913,"Fungi","Ascomycota","Dothideomycetes","Venturiales","Sympoventuriaceae","uncl_Sympoventuriaceae",NA
"OTU8117","OTU8117",0.0108695652173913,"Fungi","Basidiomycota","Agaricomycetes","Boletales","Coniophoraceae","Coniophora",NA
"OTU4161","OTU4161",0.0434782608695652,"Fungi","Ascomycota","Sordariomycetes","Glomerellales","Plectosphaerellaceae","Lectera",NA
"OTU2983","OTU2983",0.173913043478261,"Fungi","Ascomycota","Pezizomycetes","uncl_Pezizomycetes","uncl_Pezizomycetes","uncl_Pezizomycetes",NA
"OTU1650","OTU1650",0.0108695652173913,"Fungi","Basidiomycota","Agaricomycetes","Boletales","Astraeaceae","Astraeus",NA
"OTU1028","OTU1028",0.0543478260869565,"Fungi","Ascomycota","Dothideomycetes","Capnodiales","Capnodiaceae","uncl_Capnodiaceae",NA
"OTU1753","OTU1753",0.0108695652173913,"Fungi","Ascomycota","Sordariomycetes","Myrmecridiales","Myrmecridiales_fam_Incertae_sedis","Atractospora",NA
"OTU250","OTU250",0.0326086956521739,"Fungi","Basidiomycota","Agaricomycetes","Agaricales","Nidulariaceae","Cyathus",NA
"OTU6391","OTU6391",0.0217391304347826,"Fungi","Basidiomycota","Microbotryomycetes","Sporidiobolales","Sporidiobolaceae","Rhodosporidiobolus",NA
"OTU581","OTU581",0.0652173913043478,"Fungi","Basidiomycota","Agaricomycetes","Agaricales","Tricholomataceae","Hemimycena",NA
"OTU8449","OTU8449",0.0217391304347826,"Fungi","Basidiomycota","Tremellomycetes","Filobasidiales","Piskurozymaceae","Solicoccozyma",NA
"OTU4762","OTU4762",0.0326086956521739,"Fungi","Ascomycota","Dothideomycetes","Mytilinidiales","Mytilinidiaceae","Mytilinidion",NA
"OTU9325","OTU9325",0.0760869565217391,"Fungi","Chytridiomycota","Spizellomycetes","Spizellomycetales","uncl_Spizellomycetales","uncl_Spizellomycetales",NA
"OTU4195","OTU4195",0.0543478260869565,"Fungi","Basidiomycota","Agaricomycetes","Agaricales","Strophariaceae","Stropharia",NA
"OTU4966","OTU4966",0.0434782608695652,"Fungi","Chytridiomycota","Cladochytriomycetes","Cladochytriales","uncl_Cladochytriales","uncl_Cladochytriales",NA
"OTU1991","OTU1991",0.391304347826087,"Fungi","Basidiomycota","Agaricomycetes","Sebacinales","uncl_Sebacinales","uncl_Sebacinales",NA
"OTU1169","OTU1169",0.0434782608695652,"Fungi","Ascomycota","Dothideomycetes","Pleosporales","Pleosporaceae","Exserohilum",NA
"OTU413","OTU413",0.0434782608695652,"Fungi","Ascomycota","Sordariomycetes","Microascales","Halosphaeriaceae","uncl_Halosphaeriaceae",NA
"OTU3573","OTU3573",0.0217391304347826,"Fungi","Basidiomycota","Tremellomycetes","Tremellales","Rhynchogastremataceae","Papiliotrema",NA
"OTU6508","OTU6508",0.130434782608696,"Fungi","Mucoromycota","Mortierellomycetes","Mortierellales","Mortierellaceae","uncl_Mortierellaceae",NA
"OTU12747","OTU12747",0.0108695652173913,"Fungi","Basidiomycota","Agaricostilbomycetes","Agaricostilbales","Kondoaceae","uncl_Kondoaceae",NA
"OTU12596","OTU12596",0.0108695652173913,"Fungi","Ascomycota","Dothideomycetes","Pleosporales","Melanommataceae","Pseudostrickeria",NA
"OTU1812","OTU1812",0.0652173913043478,"Fungi","Basidiomycota","Agaricomycetes","Agaricales","Agaricaceae","uncl_Agaricaceae",NA
"OTU8207","OTU8207",0.0108695652173913,"Fungi","Ascomycota","Pezizomycetes","Pezizales","Pyronemataceae","Tricharina",NA
"OTU7708","OTU7708",0.0217391304347826,"Fungi","Basidiomycota","Agaricomycetes","Agaricales","Agaricaceae","Agaricus",NA
"OTU2254","OTU2254",0.0108695652173913,"Fungi","Ascomycota","Dothideomycetes","Pleosporales","Pleosporales_fam_Incertae_sedis","Polyschema",NA
"OTU10561","OTU10561",0.0217391304347826,"Fungi","Calcarisporiellomycota","Calcarisporiellomycetes","Calcarisporiellales","Calcarisporiellaceae","Calcarisporiella",NA
"OTU461","OTU461",0.0217391304347826,"Fungi","Basidiomycota","Agaricomycetes","Agaricales","Tricholomataceae","Flagelloscypha",NA
"OTU6630","OTU6630",0.0217391304347826,"Fungi","Basidiomycota","Agaricomycetes","Agaricales","Clavariaceae","Clavaria",NA
"OTU9820","OTU9820",0.0108695652173913,"Fungi","Ascomycota","Geoglossomycetes","Geoglossales","uncl_Geoglossales","uncl_Geoglossales",NA
"OTU2091","OTU2091",0.0652173913043478,"Fungi","Ascomycota","Sordariomycetes","Sordariomycetes_ord_Incertae_sedis","uncl_Sordariomycetes_ord_Incertae_sedis","uncl_Sordariomycetes_ord_Incertae_sedis",NA
"OTU6248","OTU6248",0.0108695652173913,"Fungi","Basidiomycota","Agaricomycetes","Agaricales","Pluteaceae","uncl_Pluteaceae",NA
"OTU6273","OTU6273",0.0434782608695652,"Fungi","Ascomycota","Pezizomycetes","Pezizales","Tuberaceae","Tuber",NA
"OTU7587","OTU7587",0.0108695652173913,"Fungi","Cryptomycota","uncl_Cryptomycota","uncl_Cryptomycota","uncl_Cryptomycota","uncl_Cryptomycota",NA
"OTU2778","OTU2778",0.260869565217391,"Fungi","Basidiomycota","Agaricomycetes","Polyporales","uncl_Polyporales","uncl_Polyporales",NA
"OTU3367","OTU3367",0.0108695652173913,"Fungi","Basidiomycota","Agaricomycetes","Boletales","Sclerodermataceae","Scleroderma",NA
"OTU2900","OTU2900",0.0217391304347826,"Fungi","Basidiomycota","Agaricomycetes","Corticiales","Corticiaceae","Waitea",NA
"OTU7486","OTU7486",0.0108695652173913,"Fungi","Basidiomycota","Agaricomycetes","Cantharellales","Cantharellales_fam_Incertae_sedis","uncl_Cantharellales_fam_Incertae_sedis",NA
"OTU8883","OTU8883",0.0108695652173913,"Fungi","Mucoromycota","Mucoromycetes","Mucorales","Cunninghamellaceae","Absidia",NA
"OTU11369","OTU11369",0.0108695652173913,"Fungi","Basidiomycota","Pucciniomycetes","Pucciniales","Pucciniaceae","Puccinia",NA
"OTU5987","OTU5987",0.0108695652173913,"Fungi","Basidiomycota","Ustilaginomycetes","Ustilaginales","Ustilaginaceae","Ustilago",NA
"OTU1560","OTU1560",0.0652173913043478,"Fungi","Basidiomycota","Agaricomycetes","Corticiales","uncl_Corticiales","uncl_Corticiales",NA
"OTU10316","OTU10316",0.0108695652173913,"Fungi","Basidiomycota","Agaricomycetes","Agaricales","Agaricaceae","Cystoagaricus",NA
"OTU5318","OTU5318",0.0108695652173913,"Fungi","Chytridiomycota","Cladochytriomycetes","Cladochytriales","Cladochytriales_fam_Incertae_sedis","uncl_Cladochytriales_fam_Incertae_sedis",NA
"OTU429","OTU429",0.0326086956521739,"Fungi","Basidiomycota","Agaricomycetes","Agaricales","Stephanosporaceae","uncl_Stephanosporaceae",NA
"OTU12174","OTU12174",0.0108695652173913,"Fungi","Chytridiomycota","Spizellomycetes","Spizellomycetales","Spizellomycetaceae","uncl_Spizellomycetaceae",NA
"OTU7582","OTU7582",0.0108695652173913,"Fungi","Ascomycota","Dothideomycetes","Tubeufiales","Tubeufiaceae","Helicoma",NA
"OTU2166","OTU2166",0.576086956521739,"Fungi","Ascomycota","Leotiomycetes","Helotiales","uncl_Helotiales","uncl_Helotiales",NA
"OTU290","OTU290",0.141304347826087,"Fungi","Basidiomycota","Agaricomycetes","Agaricales","Bolbitiaceae","Conocybe",NA
"OTU3140","OTU3140",0.0326086956521739,"Fungi","Ascomycota","Dothideomycetes","Pleosporales","Tetraplosphaeriaceae","Tetraploa",NA
"OTU2195","OTU2195",0.0543478260869565,"Fungi","Ascomycota","Dothideomycetes","Minutisphaerales","Minutisphaeraceae","Minutisphaera",NA
"OTU3606","OTU3606",0.0434782608695652,"Fungi","Basidiomycota","Agaricomycetes","Agaricales","Tricholomataceae","uncl_Tricholomataceae",NA
"OTU7807","OTU7807",0.0108695652173913,"Fungi","Olpidiomycota","Olpidiomycetes","uncl_Olpidiomycetes","uncl_Olpidiomycetes","uncl_Olpidiomycetes",NA
"OTU5920","OTU5920",0.0108695652173913,"Fungi","Ascomycota","Sordariomycetes","Sordariales","Bombardiaceae","Ramophialophora",NA
"OTU10542","OTU10542",0.0108695652173913,"Fungi","Basidiomycota","Ustilaginomycetes","Urocystidales","Urocystidaceae","Urocystis",NA
"OTU5300","OTU5300",0.0108695652173913,"Fungi","Entorrhizomycota","Entorrhizomycetes","Entorrhizales","Entorrhizaceae","Entorrhiza",NA
"OTU6438","OTU6438",0.0108695652173913,"Fungi","Basidiomycota","Tremellomycetes","Tremellales","Bulleribasidiaceae","Dioszegia",NA
"OTU3209","OTU3209",0.0108695652173913,"Fungi","Ascomycota","Sordariomycetes","Sordariomycetes_ord_Incertae_sedis","Papulosaceae","Wongia",NA
"OTU5361","OTU5361",0.0108695652173913,"Fungi","Ascomycota","Dothideomycetes","Mycosphaerellales","Extremaceae","Extremopsis",NA
"OTU2732","OTU2732",0.0434782608695652,"Fungi","Ascomycota","Geoglossomycetes","Geoglossales","Geoglossaceae","Geoglossum",NA
"OTU5911","OTU5911",0.0217391304347826,"Fungi","Ascomycota","Sordariomycetes","Xylariales","Amphisphaeriaceae","uncl_Amphisphaeriaceae",NA
"OTU754","OTU754",0.0326086956521739,"Fungi","Basidiomycota","Agaricomycetes","Sebacinales","Sebacinaceae","uncl_Sebacinaceae",NA
"OTU6787","OTU6787",0.0108695652173913,"Fungi","Ascomycota","Eurotiomycetes","Eurotiomycetes_ord_Incertae_sedis","uncl_Eurotiomycetes_ord_Incertae_sedis","uncl_Eurotiomycetes_ord_Incertae_sedis",NA
"OTU8048","OTU8048",0.0108695652173913,"Fungi","Basidiomycota","Tremellomycetes","Tremellales","Cryptococcaceae","uncl_Cryptococcaceae",NA
"OTU8380","OTU8380",0.0108695652173913,"Fungi","Basidiomycota","Agaricomycetes","Russulales","Peniophoraceae","uncl_Peniophoraceae",NA
"OTU3777","OTU3777",0.0108695652173913,"Fungi","Ascomycota","Archaeorhizomycetes","Archaeorhizomycetales","Archaeorhizomycetaceae","Archaeorhizomyces",NA
"OTU9528","OTU9528",0.0108695652173913,"Fungi","Basidiomycota","Agaricomycetes","Agaricales","Strophariaceae","Tubaria",NA
"OTU5577","OTU5577",0.0108695652173913,"Fungi","Ascomycota","Pezizomycetes","Pezizales","Pyronemataceae","Pyronema",NA
"OTU3054","OTU3054",0.0108695652173913,"Fungi","Ascomycota","Geoglossomycetes","uncl_Geoglossomycetes","uncl_Geoglossomycetes","uncl_Geoglossomycetes",NA
"OTU6090","OTU6090",0.0326086956521739,"Fungi","Basidiomycota","Agaricomycetes","Agaricales","Clavariaceae","uncl_Clavariaceae",NA
"OTU10752","OTU10752",0.0108695652173913,"Fungi","Basidiomycota","Agaricomycetes","Agaricales","Clavariaceae","Ramariopsis",NA
"OTU2911","OTU2911",0.0543478260869565,"Fungi","Mucoromycota","Glomeromycetes","Glomerales","Glomeraceae","Glomus",NA
"OTU615","OTU615",0.130434782608696,"Fungi","Basidiomycota","Agaricomycetes","Agaricales","Entolomataceae","Entoloma",NA
"OTU11091","OTU11091",0.0108695652173913,"Fungi","Mucoromycota","Glomeromycetes","Diversisporales","uncl_Diversisporales","uncl_Diversisporales",NA
"OTU4199","OTU4199",0.0217391304347826,"Fungi","Basidiomycota","Microbotryomycetes","uncl_Microbotryomycetes","uncl_Microbotryomycetes","uncl_Microbotryomycetes",NA
"OTU8112","OTU8112",0.0217391304347826,"Fungi","Mucoromycota","Glomeromycetes","Glomerales","Glomeraceae","Septoglomus",NA
"OTU7603","OTU7603",0.0543478260869565,"Fungi","Ascomycota","Dothideomycetes","Venturiales","uncl_Venturiales","uncl_Venturiales",NA
"OTU8500","OTU8500",0.0217391304347826,"Fungi","Ascomycota","Dothideomycetes","Pleosporales","Phaeosphaeriaceae","Pseudoophiobolus",NA
"OTU4745","OTU4745",0.0108695652173913,"Fungi","Ascomycota","Leotiomycetes","Helotiales","Hyaloscyphaceae","Clathrosphaerina",NA
